region,district,hospital_name,outside_branches,land_area_built,vacant_land_area,building_count,floors,wall_material,wall_condition,roof_material,roof_condition,window_condition,floor_condition,door_condition,toilet_water_supply,electricity_supply,has_generator,has_solar_panels,internal_electric_condition,lighting_condition,heating_source,heating_condition,has_water,drinking_water_source,has_fence,internet_type,fire_safety,has_cctv,has_transport_nearby,recent_repairs,earthquake_safe,restroom_location,restroom_water_condition,restroom_has_sewage,restroom_doors,restroom_handwash_available,restroom_sewage_issues,restroom_water_issues,restroom_light_safe,is_warm_in_winter,has_water_pipeline,satisfaction,total_staff,medical_staff,bed_capacity,age_score,population_score,infrastructure_score,resources_score,latitude,longitude,need_category,predicted_need_Category
Samarkand,Kattakurgan city,Hospital_001,0.0,1.0,1.0,0.3,0.3,1.0,1.0,1.0,1.0,1.0,1.0,1.0,0.0,0.5,0.0,0.0,1.0,1.0,1.0,1.0,1.0,1.0,1.0,0.6,1.0,0.0,0.5,1.0,0.5,1.0,0.4,0.6,0.0,1.0,1.0,0.0,1.0,1.0,0.0,1.0,0.7501770232367073,0.591055042007389,0.591055042007389,1.0,0.64,0.81,0.64,39.89889,66.25611,RED,RED
Samarkand,Bulungur district,Hospital_002,0.0,1.0,0.3,0.3,0.6,0.8,1.0,0.6,1.0,1.0,1.0,1.0,1.0,0.5,0.0,0.0,1.0,1.0,0.7,1.0,1.0,0.7,1.0,1.0,1.0,1.0,0.0,1.0,1.0,1.0,1.0,0.6,0.5,1.0,1.0,1.0,1.0,1.0,1.0,1.0,0.03621409961256176,0.006884337293425611,0.006884337293425611,1.0,0.02,0.77,0.81,39.7573054,67.27287,YELLOW,YELLOW
Samarkand,Jomboy district,Hospital_003,1.0,0.5,0.7,1.0,0.3,1.0,1.0,1.0,1.0,1.0,1.0,1.0,0.5,1.0,1.0,1.0,1.0,1.0,1.0,1.0,1.0,0.7,1.0,1.0,1.0,1.0,1.0,1.0,1.0,1.0,0.6,0.6,1.0,1.0,1.0,1.0,1.0,1.0,1.0,1.0,0.0004149240560717516,0.00010339373998603964,0.00010339373998603964,1.0,0.0,0.9,0.94,39.69889,67.09333,RED,RED
Samarkand,Narpay district,Hospital_004,0.0,0.5,0.3,0.3,0.6,0.8,1.0,1.0,1.0,1.0,1.0,1.0,1.0,1.0,0.0,0.0,1.0,1.0,1.0,1.0,1.0,1.0,1.0,1.0,1.0,1.0,1.0,1.0,1.0,0.8,1.0,1.0,0.0,1.0,1.0,1.0,0.0,1.0,1.0,1.0,0.0,0.0,0.0,1.0,0.0,0.77,0.84,39.9223,65.925,RED,RED
Samarkand,Kattakurgan district,Hospital_006,0.6,0.5,0.3,0.6,0.3,0.3,0.4,0.8,0.5,0.5,0.5,0.5,1.0,0.5,0.0,0.0,0.0,0.6,1.0,0.0,1.0,1.0,1.0,0.0,0.5,0.0,1.0,0.0,0.5,1.0,0.4,0.0,1.0,0.0,0.0,0.0,1.0,0.0,1.0,1.0,0.060013051333901314,0.01779021083300795,0.01779021083300795,0.6,0.03,0.46,0.5,39.89716,66.27242,RED,RED
Samarkand,Qushrabat district,Hospital_007,0.0,0.5,0.7,0.3,0.6,0.8,0.4,0.8,0.5,0.5,0.5,0.5,0.0,1.0,0.0,0.0,0.5,1.0,1.0,1.0,0.0,0.4,0.0,0.0,0.5,1.0,0.5,0.0,0.0,0.4,0.4,0.6,1.0,1.0,0.0,0.0,1.0,1.0,0.0,0.0,0.05016871792026401,0.01882460426665422,0.01882460426665422,0.2,0.03,0.42,0.47,40.3333,66.5,RED,RED
Samarkand,Nurabad district,Hospital_008,0.0,0.5,0.3,0.3,0.6,0.8,1.0,1.0,1.0,1.0,1.0,1.0,1.0,1.0,0.0,0.0,1.0,1.0,1.0,1.0,1.0,0.0,1.0,0.6,0.5,1.0,0.5,0.7,1.0,1.0,1.0,0.6,0.0,1.0,1.0,1.0,1.0,1.0,0.0,1.0,0.03762896439317701,0.0,0.0,1.0,0.01,0.75,0.74,39.6100912,66.29622,YELLOW,YELLOW
Samarkand,Samarkand city,Hospital_009,0.0,0.5,0.3,0.3,0.6,0.8,1.0,1.0,1.0,1.0,1.0,1.0,1.0,0.5,0.0,0.0,1.0,1.0,1.0,1.0,1.0,1.0,1.0,1.0,1.0,1.0,0.0,0.0,0.5,1.0,1.0,0.6,1.0,1.0,0.0,0.0,1.0,1.0,0.0,1.0,0.0005440811363534755,0.00022880051144179192,0.00022880051144179192,1.0,0.0,0.67,0.73,39.65417,66.95972,RED,RED
Samarkand,Payarik district,Hospital_010,0.0,0.5,0.3,0.3,0.6,0.8,1.0,1.0,1.0,1.0,1.0,1.0,1.0,1.0,1.0,0.3,1.0,1.0,1.0,1.0,0.5,0.4,1.0,1.0,1.0,1.0,0.0,0.0,1.0,1.0,1.0,0.6,1.0,1.0,1.0,1.0,1.0,1.0,0.4,1.0,0.05230065842413782,0.0,0.0,0.8,0.02,0.69,0.85,39.98917,66.84583,YELLOW,YELLOW
Samarkand,Urgut district,Hospital_011,0.6,0.5,0.3,0.3,0.6,0.8,1.0,1.0,1.0,1.0,1.0,1.0,1.0,1.0,0.0,0.0,1.0,1.0,1.0,1.0,1.0,1.0,1.0,1.0,1.0,1.0,1.0,0.5,1.0,1.0,1.0,1.0,1.0,1.0,0.0,1.0,1.0,1.0,1.0,1.0,0.0,0.0,0.0,1.0,0.0,0.77,0.88,39.4022,67.2431,RED,RED
Samarkand,Paxtachi district,Hospital_012,0.0,0.5,0.3,0.3,0.6,0.8,1.0,1.0,1.0,1.0,1.0,1.0,1.0,1.0,0.0,0.0,1.0,1.0,1.0,1.0,1.0,0.7,1.0,1.0,1.0,1.0,0.0,0.7,1.0,1.0,0.6,0.6,0.0,1.0,1.0,1.0,1.0,1.0,1.0,1.0,0.11551007800383775,0.14234104076704437,0.14234104076704437,1.0,0.13,0.75,0.8,39.9167,66.0,YELLOW,YELLOW
Samarkand,Pastargom district,Hospital_013,0.0,1.0,1.0,0.3,0.8,0.8,1.0,1.0,1.0,1.0,1.0,1.0,1.0,0.5,1.0,0.7,1.0,1.0,1.0,1.0,1.0,0.7,1.0,1.0,1.0,1.0,1.0,0.7,1.0,1.0,1.0,1.0,1.0,1.0,0.0,1.0,1.0,1.0,1.0,1.0,0.0006119586378865336,0.0003354721044185168,0.0003354721044185168,1.0,0.0,0.84,0.92,39.65,67.2,RED,RED
Samarkand,Taylak district,Hospital_014,0.0,0.5,0.7,0.3,0.6,0.8,1.0,1.0,1.0,1.0,1.0,1.0,1.0,1.0,0.0,0.0,1.0,1.0,1.0,1.0,1.0,0.7,1.0,1.0,1.0,0.0,0.0,0.0,0.5,1.0,1.0,0.6,0.5,1.0,1.0,1.0,1.0,1.0,1.0,1.0,0.04350356322417509,0.0,0.0,1.0,0.01,0.69,0.8,39.6575,67.2353,YELLOW,YELLOW
Samarkand,Urgut district,Hospital_015,0.0,0.5,0.3,0.3,0.3,0.8,0.4,0.8,0.1,0.1,0.5,0.5,1.0,0.5,0.0,0.0,0.0,0.6,1.0,0.0,1.0,0.7,0.5,1.0,1.0,1.0,0.0,0.0,0.5,0.4,0.0,0.0,1.0,1.0,0.5,0.5,0.0,1.0,0.0,0.5,0.04111122347493331,0.011328324046365454,0.011328324046365454,0.2,0.02,0.35,0.51,39.4022,67.2431,RED,RED
Samarkand,Ishtihan district,Hospital_016,0.0,0.5,0.3,0.3,0.6,0.8,1.0,1.0,1.0,1.0,1.0,1.0,1.0,0.5,1.0,0.0,1.0,1.0,1.0,1.0,0.5,0.4,1.0,1.0,1.0,1.0,1.0,0.0,1.0,1.0,1.0,0.6,0.5,1.0,1.0,1.0,1.0,1.0,1.0,1.0,0.8092972219563846,0.8100833394735414,0.8100833394735414,1.0,0.81,0.7,0.87,39.8371,66.4843,YELLOW,YELLOW
Samarkand,Kattakurgan city,Hospital_017,0.0,0.3,0.3,0.3,0.6,0.3,1.0,1.0,1.0,1.0,1.0,1.0,1.0,1.0,1.0,1.0,1.0,1.0,0.7,1.0,1.0,0.7,1.0,1.0,1.0,1.0,1.0,1.0,1.0,0.8,1.0,1.0,1.0,1.0,0.0,0.0,1.0,1.0,1.0,1.0,0.11575979153850115,0.08966425160057027,0.08966425160057027,0.8,0.1,0.71,0.89,39.89889,66.25611,YELLOW,YELLOW
Samarkand,Bulungur district,Hospital_018,0.0,0.5,1.0,0.3,0.3,0.8,0.4,0.8,0.1,1.0,0.5,1.0,0.5,1.0,0.0,0.0,1.0,1.0,1.0,1.0,1.0,1.0,1.0,1.0,0.5,0.0,0.0,0.0,0.5,0.4,0.0,0.0,0.0,1.0,0.5,0.5,0.0,1.0,0.0,0.5,0.30190133684087744,0.22806067465942895,0.22806067465942895,0.2,0.25,0.49,0.53,39.7573054,67.27287,RED,RED
Samarkand,Jomboy district,Hospital_019,0.0,1.0,0.3,0.3,0.3,0.8,0.4,0.8,1.0,1.0,1.0,1.0,1.0,0.5,0.0,0.0,1.0,1.0,1.0,1.0,1.0,0.7,1.0,1.0,0.0,0.0,0.0,0.0,1.0,1.0,1.0,1.0,0.5,1.0,1.0,1.0,1.0,1.0,1.0,1.0,0.2226162245922388,0.13354280227906845,0.13354280227906845,1.0,0.16,0.66,0.76,39.69889,67.09333,RED,RED
Samarkand,Narpay district,Hospital_020,0.0,1.0,0.3,1.0,0.3,0.8,1.0,0.8,0.5,0.5,0.5,0.5,0.0,0.5,0.0,0.0,0.5,1.0,1.0,0.0,0.5,0.7,1.0,1.0,1.0,0.0,0.5,0.0,0.5,0.4,0.0,0.0,1.0,1.0,0.5,0.5,1.0,1.0,1.0,0.5,0.07364731730965342,0.0,0.0,0.4,0.02,0.54,0.56,39.9223,65.925,RED,RED
Samarkand,Oqdaryo district,Hospital_021,0.0,0.3,1.0,0.3,0.6,0.8,1.0,1.0,1.0,1.0,1.0,1.0,1.0,1.0,0.0,0.0,1.0,1.0,0.7,1.0,1.0,0.7,0.5,1.0,1.0,0.0,1.0,0.7,1.0,0.8,1.0,1.0,1.0,1.0,0.0,1.0,1.0,1.0,1.0,1.0,0.09035255211546499,0.01672961485186863,0.01672961485186863,1.0,0.04,0.78,0.8,39.9092,67.0916,YELLOW,YELLOW
Samarkand,Kattakurgan district,Hospital_022,0.0,0.5,0.3,0.3,0.8,0.8,0.0,0.8,0.1,0.1,0.3,0.1,0.0,0.5,0.0,0.0,0.0,0.3,1.0,0.0,1.0,0.7,0.5,1.0,1.0,0.5,1.0,0.7,0.0,0.0,0.0,0.0,0.0,0.0,1.0,0.0,0.0,0.0,0.0,0.0,0.00013295159406998585,1.9776848570026876e-05,1.9776848570026876e-05,1.0,0.0,0.39,0.33,39.89716,66.27242,RED,RED
Samarkand,Qushrabat district,Hospital_023,0.0,0.5,0.3,0.3,0.6,0.8,1.0,1.0,1.0,1.0,1.0,1.0,1.0,1.0,1.0,0.0,1.0,1.0,1.0,1.0,1.0,1.0,1.0,1.0,1.0,1.0,1.0,0.5,1.0,1.0,1.0,1.0,1.0,1.0,1.0,1.0,1.0,1.0,1.0,1.0,0.8574786015056087,0.91726538911312,0.91726538911312,1.0,0.9,0.73,0.96,40.3333,66.5,GREEN,GREEN
Samarkand,Nurabad district,Hospital_024,0.0,0.5,0.3,0.3,0.6,1.0,1.0,1.0,1.0,1.0,1.0,1.0,1.0,0.5,0.0,0.0,1.0,1.0,1.0,1.0,1.0,0.7,1.0,1.0,1.0,1.0,0.5,1.0,1.0,0.8,1.0,1.0,1.0,1.0,0.0,1.0,1.0,1.0,1.0,1.0,0.0002275201407029812,5.930404166184261e-05,5.930404166184261e-05,0.8,0.0,0.77,0.83,39.6100912,66.29622,RED,RED
Samarkand,Samarkand city,Hospital_025,0.0,0.5,0.3,0.3,0.6,1.0,1.0,1.0,1.0,1.0,1.0,1.0,1.0,1.0,0.0,0.0,1.0,1.0,1.0,1.0,1.0,0.7,1.0,1.0,1.0,1.0,1.0,1.0,1.0,1.0,1.0,1.0,1.0,1.0,1.0,1.0,1.0,1.0,1.0,1.0,0.38775754007633456,0.26550171416828966,0.26550171416828966,0.8,0.31,0.77,0.91,39.65417,66.95972,GREEN,GREEN
Samarkand,Payarik district,Hospital_026,0.6,1.0,0.3,0.6,0.3,0.8,1.0,1.0,1.0,1.0,1.0,1.0,1.0,0.5,0.0,1.0,1.0,1.0,0.7,1.0,1.0,0.7,1.0,1.0,0.0,1.0,0.0,0.5,1.0,0.4,1.0,1.0,1.0,1.0,0.0,0.0,1.0,1.0,1.0,1.0,0.12914434397958985,0.1126633936572643,0.1126633936572643,1.0,0.12,0.81,0.74,39.98917,66.84583,YELLOW,YELLOW
Samarkand,Paxtachi district,Hospital_028,0.0,0.5,0.3,0.3,0.6,0.8,1.0,1.0,1.0,1.0,0.5,1.0,1.0,0.5,1.0,0.0,1.0,1.0,1.0,0.0,0.5,0.4,1.0,1.0,1.0,1.0,0.0,0.7,1.0,1.0,1.0,0.6,0.5,1.0,1.0,1.0,1.0,1.0,0.0,1.0,0.0006027905484833274,0.0,0.0,0.8,0.0,0.7,0.75,39.9167,66.0,RED,RED
Samarkand,Pastargom district,Hospital_029,0.0,1.0,0.3,0.3,0.6,0.8,1.0,1.0,1.0,1.0,1.0,1.0,1.0,0.5,1.0,0.0,1.0,1.0,1.0,1.0,1.0,1.0,1.0,1.0,0.5,0.0,1.0,0.7,1.0,1.0,1.0,0.6,1.0,1.0,1.0,0.0,1.0,1.0,1.0,1.0,0.03418008430448693,0.0,0.0,1.0,0.01,0.78,0.83,39.65,67.2,YELLOW,YELLOW
Samarkand,Taylak district,Hospital_030,0.0,0.3,0.3,0.3,0.6,0.8,1.0,1.0,1.0,1.0,1.0,1.0,1.0,0.5,0.0,1.0,1.0,1.0,1.0,1.0,1.0,1.0,1.0,1.0,1.0,1.0,1.0,0.0,1.0,1.0,1.0,0.6,1.0,1.0,1.0,1.0,1.0,1.0,1.0,1.0,0.034965525597352914,0.03382151693418914,0.03382151693418914,1.0,0.03,0.69,0.93,39.6575,67.2353,YELLOW,YELLOW
Samarkand,Samarkand district,Hospital_031,0.0,0.5,0.3,0.3,0.6,0.8,0.4,1.0,1.0,1.0,1.0,1.0,1.0,0.5,1.0,0.0,1.0,1.0,1.0,1.0,1.0,1.0,1.0,1.0,1.0,0.0,0.5,0.5,1.0,1.0,1.0,0.6,1.0,1.0,0.0,1.0,1.0,1.0,1.0,0.5,0.0009227569388067188,0.0010765986942816931,0.0010765986942816931,0.8,0.0,0.68,0.81,39.65417,66.95972,RED,RED
Samarkand,Ishtihan district,Hospital_032,0.0,0.5,1.0,0.3,0.3,0.8,1.0,1.0,0.5,1.0,0.5,0.5,1.0,0.5,1.0,0.0,0.5,0.6,1.0,1.0,1.0,1.0,1.0,1.0,0.5,1.0,1.0,0.7,0.5,0.4,0.6,0.6,0.5,1.0,0.0,0.0,1.0,1.0,1.0,0.5,0.0001817028091837809,0.0002625897727237197,0.0002625897727237197,1.0,0.0,0.64,0.72,39.8371,66.4843,RED,RED
Samarkand,Kattakurgan city,Hospital_033,0.8,1.0,0.3,0.3,0.6,0.8,1.0,1.0,1.0,1.0,1.0,1.0,1.0,1.0,1.0,1.0,1.0,1.0,1.0,1.0,1.0,0.7,1.0,0.6,1.0,1.0,1.0,1.0,0.5,1.0,1.0,0.6,1.0,0.0,1.0,1.0,1.0,1.0,1.0,1.0,0.0003930549641311318,5.289380809681154e-05,5.289380809681154e-05,1.0,0.0,0.82,0.92,39.89889,66.25611,RED,RED
Samarkand,Bulungur district,Hospital_034,0.0,1.0,0.3,0.3,0.6,0.8,1.0,1.0,1.0,1.0,1.0,1.0,1.0,0.5,1.0,0.0,1.0,1.0,1.0,1.0,1.0,1.0,1.0,1.0,1.0,1.0,1.0,0.0,1.0,1.0,1.0,0.6,1.0,1.0,1.0,1.0,1.0,1.0,1.0,1.0,0.0008964020549042262,0.0016985627111460518,0.0016985627111460518,0.8,0.0,0.72,0.93,39.7573054,67.27287,RED,RED
Samarkand,Narpay district,Hospital_036,0.0,0.3,0.7,0.3,0.6,0.8,1.0,0.8,1.0,0.5,0.5,0.5,0.5,1.0,0.0,0.0,1.0,1.0,1.0,0.0,1.0,0.7,0.5,1.0,0.0,0.0,0.5,0.0,1.0,0.4,0.0,0.0,0.5,1.0,0.5,0.5,1.0,1.0,1.0,1.0,0.04191273524725944,0.0,0.0,0.6,0.01,0.57,0.58,39.9223,65.925,RED,RED
Samarkand,Oqdaryo district,Hospital_037,0.0,0.5,0.3,0.3,0.6,0.8,1.0,1.0,1.0,1.0,1.0,1.0,1.0,1.0,1.0,0.0,1.0,1.0,1.0,1.0,1.0,1.0,1.0,1.0,1.0,1.0,0.0,0.0,1.0,1.0,1.0,0.6,1.0,1.0,1.0,1.0,1.0,1.0,1.0,1.0,0.31572565160868205,0.0,0.0,0.8,0.11,0.69,0.91,39.9092,67.0916,YELLOW,YELLOW
Samarkand,Kattakurgan district,Hospital_038,0.0,0.3,0.3,0.3,0.3,0.8,1.0,1.0,1.0,1.0,1.0,1.0,1.0,0.5,0.0,0.0,1.0,1.0,1.0,1.0,1.0,1.0,1.0,1.0,1.0,1.0,0.0,0.0,1.0,1.0,1.0,0.6,1.0,1.0,0.0,0.0,1.0,1.0,1.0,1.0,0.0,0.0,0.0,1.0,0.0,0.67,0.77,39.89716,66.27242,RED,RED
Samarkand,Qushrabat district,Hospital_039,0.0,0.3,0.3,0.3,0.6,0.8,0.4,1.0,1.0,1.0,0.5,0.5,1.0,0.5,0.0,1.0,1.0,1.0,1.0,0.0,1.0,1.0,1.0,1.0,1.0,1.0,0.5,0.0,0.5,1.0,1.0,0.6,1.0,1.0,0.0,0.0,1.0,1.0,0.0,1.0,0.289996139000843,0.12166680820699004,0.12166680820699004,1.0,0.18,0.55,0.75,40.3333,66.5,RED,RED
Samarkand,Nurabad district,Hospital_040,0.0,0.5,0.3,0.3,0.6,0.8,1.0,1.0,1.0,1.0,1.0,1.0,1.0,1.0,0.0,0.0,1.0,1.0,1.0,1.0,1.0,0.7,1.0,1.0,1.0,1.0,1.0,0.7,1.0,1.0,1.0,1.0,1.0,1.0,0.0,0.0,1.0,1.0,1.0,1.0,0.047668465147423476,0.12166680820699004,0.12166680820699004,1.0,0.1,0.75,0.83,39.6100912,66.29622,GREEN,GREEN
Samarkand,Samarkand city,Hospital_041,0.0,0.5,0.3,0.6,0.6,0.8,1.0,1.0,1.0,1.0,1.0,1.0,1.0,1.0,0.0,0.0,1.0,1.0,0.7,1.0,1.0,0.7,1.0,1.0,1.0,1.0,1.0,0.7,1.0,1.0,1.0,1.0,1.0,1.0,0.0,1.0,1.0,1.0,1.0,1.0,0.047668465147423476,0.12166680820699004,0.12166680820699004,1.0,0.1,0.77,0.86,39.65417,66.95972,GREEN,GREEN
Samarkand,Payarik district,Hospital_042,0.6,1.0,0.3,0.6,0.6,0.8,1.0,1.0,1.0,1.0,0.5,0.5,1.0,1.0,0.0,0.0,0.5,0.6,0.7,1.0,1.0,0.7,1.0,1.0,1.0,1.0,1.0,0.7,1.0,1.0,1.0,1.0,1.0,0.0,1.0,1.0,1.0,1.0,0.4,1.0,0.0007646015041058482,0.0012032592687132866,0.0012032592687132866,1.0,0.0,0.77,0.8,39.98917,66.84583,RED,RED
Samarkand,Urgut district,Hospital_043,0.0,0.5,0.3,0.6,0.6,0.8,1.0,1.0,1.0,1.0,1.0,1.0,1.0,1.0,0.0,0.0,1.0,1.0,0.7,1.0,1.0,0.7,1.0,1.0,1.0,1.0,0.0,0.5,1.0,1.0,1.0,0.0,1.0,1.0,0.0,0.0,1.0,1.0,1.0,1.0,0.0007619381865014162,0.0006569173118192763,0.0006569173118192763,1.0,0.0,0.75,0.75,39.4022,67.2431,RED,RED
Samarkand,Paxtachi district,Hospital_044,0.0,0.5,0.3,0.3,0.8,0.8,1.0,1.0,1.0,1.0,1.0,1.0,1.0,1.0,0.0,0.0,1.0,1.0,0.7,1.0,1.0,0.7,1.0,1.0,1.0,1.0,1.0,0.7,1.0,0.8,1.0,1.0,1.0,1.0,1.0,1.0,1.0,1.0,0.0,1.0,0.0006322217371403768,0.0008232268201171938,0.0008232268201171938,1.0,0.0,0.76,0.85,39.9167,66.0,RED,RED
Samarkand,Pastargom district,Hospital_045,0.0,0.3,0.3,0.3,0.3,0.8,1.0,0.6,1.0,1.0,1.0,1.0,1.0,0.5,0.0,0.0,1.0,1.0,1.0,1.0,1.0,0.7,1.0,1.0,0.0,1.0,0.0,0.0,1.0,1.0,1.0,1.0,1.0,1.0,1.0,1.0,1.0,1.0,1.0,1.0,0.09497857693125421,0.0,0.0,1.0,0.03,0.64,0.82,39.65,67.2,RED,RED
Samarkand,Taylak district,Hospital_046,0.6,0.5,0.7,0.3,0.3,0.3,0.4,0.8,0.5,0.1,0.5,0.1,0.0,0.5,0.0,0.0,0.5,1.0,1.0,1.0,1.0,1.0,0.5,1.0,1.0,0.0,0.0,0.0,0.5,0.4,0.0,0.0,1.0,1.0,0.5,0.5,0.0,1.0,0.0,0.5,0.07364731730965342,0.12166680820699004,0.12166680820699004,0.2,0.11,0.39,0.52,39.6575,67.2353,RED,RED
Samarkand,Samarkand district,Hospital_047,0.0,0.3,0.3,0.3,0.3,0.8,0.4,0.8,0.5,0.5,0.5,0.5,0.0,0.5,0.0,0.0,0.0,0.3,0.3,0.0,1.0,0.7,1.0,1.0,1.0,0.0,0.0,0.5,0.5,0.4,0.0,1.0,0.0,0.0,0.5,0.5,0.0,1.0,1.0,0.0,0.0010629996414021389,0.002694681427540876,0.002694681427540876,1.0,0.0,0.48,0.39,39.65417,66.95972,RED,RED
Samarkand,Ishtihan district,Hospital_048,0.0,0.5,0.3,0.3,0.6,0.8,1.0,1.0,1.0,1.0,1.0,1.0,1.0,1.0,0.0,0.0,1.0,1.0,1.0,1.0,1.0,0.7,1.0,1.0,1.0,1.0,1.0,0.0,1.0,0.8,1.0,1.0,0.0,1.0,1.0,1.0,1.0,1.0,1.0,1.0,0.6362519695760195,0.0,0.0,0.8,0.21,0.69,0.87,39.8371,66.4843,YELLOW,YELLOW
Samarkand,Kattakurgan city,Hospital_049,0.0,0.5,0.3,0.3,0.6,1.0,0.4,0.8,0.5,0.5,0.5,0.5,1.0,1.0,0.0,0.0,1.0,0.6,1.0,1.0,1.0,0.7,1.0,1.0,0.5,1.0,1.0,0.5,0.5,1.0,1.0,1.0,1.0,1.0,0.0,0.0,1.0,1.0,1.0,0.5,0.0004820158935688416,0.0008989935187453728,0.0008989935187453728,0.4,0.0,0.49,0.78,39.89889,66.25611,RED,RED
Samarkand,Jomboy district,Hospital_051,0.0,1.0,0.3,0.3,0.6,0.8,1.0,1.0,1.0,1.0,1.0,1.0,1.0,1.0,0.0,1.0,1.0,1.0,1.0,1.0,1.0,1.0,1.0,1.0,1.0,0.0,1.0,0.7,1.0,1.0,1.0,0.6,0.0,1.0,1.0,0.0,1.0,1.0,1.0,1.0,0.0012703369928040594,0.0035361409611467786,0.0035361409611467786,0.8,0.0,0.77,0.83,39.69889,67.09333,RED,RED
Samarkand,Narpay district,Hospital_052,0.0,1.0,0.3,0.3,0.3,0.8,1.0,0.6,1.0,1.0,1.0,1.0,1.0,1.0,0.0,0.0,1.0,1.0,1.0,1.0,0.0,0.0,1.0,1.0,1.0,1.0,0.0,0.0,1.0,1.0,1.0,0.6,0.0,1.0,0.0,0.0,1.0,1.0,0.0,1.0,0.0008167700818799129,0.001982941342198773,0.001982941342198773,1.0,0.0,0.69,0.64,39.9223,65.925,RED,RED
Samarkand,Oqdaryo district,Hospital_053,0.6,0.3,0.3,0.6,0.3,0.8,1.0,1.0,1.0,1.0,1.0,1.0,1.0,0.5,0.0,0.0,1.0,1.0,1.0,1.0,1.0,1.0,0.5,1.0,0.5,1.0,0.0,0.0,1.0,1.0,1.0,0.6,1.0,1.0,1.0,1.0,1.0,1.0,1.0,1.0,0.00036912905135998446,0.0006122367589684935,0.0006122367589684935,1.0,0.0,0.73,0.81,39.9092,67.0916,RED,RED
Samarkand,Kattakurgan district,Hospital_054,0.0,0.3,0.3,0.3,0.3,0.8,1.0,1.0,0.5,0.5,0.5,0.1,0.5,0.5,0.0,0.0,0.5,0.6,1.0,0.0,1.0,1.0,1.0,1.0,0.5,1.0,0.5,0.0,1.0,0.4,0.0,0.0,0.5,0.0,0.5,0.5,0.0,1.0,0.0,0.5,0.04350356322417509,0.08249884442988764,0.08249884442988764,0.4,0.07,0.47,0.48,39.89716,66.27242,RED,RED
Samarkand,Nurabad district,Hospital_056,0.0,0.5,0.3,0.3,0.6,0.8,1.0,1.0,1.0,1.0,1.0,0.5,1.0,0.5,0.0,1.0,1.0,1.0,1.0,1.0,1.0,1.0,1.0,1.0,1.0,1.0,1.0,0.7,1.0,0.8,1.0,0.6,0.0,1.0,0.0,0.0,1.0,1.0,0.0,1.0,0.04030559080135016,0.011328324046365454,0.011328324046365454,0.8,0.02,0.7,0.77,39.6100912,66.29622,YELLOW,YELLOW
Samarkand,Samarkand city,Hospital_057,0.0,0.5,0.3,0.3,0.6,0.8,1.0,1.0,1.0,1.0,1.0,1.0,1.0,0.5,1.0,0.0,1.0,1.0,1.0,1.0,1.0,1.0,1.0,1.0,1.0,1.0,0.0,0.7,0.5,1.0,1.0,0.6,0.0,1.0,1.0,1.0,1.0,1.0,1.0,1.0,0.7578222082493055,0.0,0.0,1.0,0.25,0.71,0.85,39.65417,66.95972,YELLOW,YELLOW
Samarkand,Payarik district,Hospital_058,0.0,0.3,0.3,0.6,0.6,1.0,1.0,0.8,1.0,1.0,1.0,1.0,1.0,1.0,1.0,0.0,1.0,1.0,0.7,1.0,1.0,0.7,1.0,1.0,1.0,1.0,1.0,0.5,1.0,0.8,1.0,1.0,1.0,1.0,0.0,0.0,1.0,1.0,1.0,1.0,0.0,0.0,0.0,0.8,0.0,0.73,0.85,39.98917,66.84583,RED,RED
Samarkand,Urgut district,Hospital_059,0.0,0.5,0.3,0.6,0.6,0.8,1.0,1.0,1.0,1.0,1.0,1.0,1.0,1.0,0.0,0.0,1.0,1.0,1.0,1.0,1.0,0.7,0.0,1.0,1.0,1.0,1.0,1.0,1.0,0.8,1.0,1.0,0.0,1.0,0.0,1.0,1.0,1.0,1.0,1.0,0.6701330949296646,0.0,0.0,1.0,0.22,0.79,0.79,39.4022,67.2431,YELLOW,YELLOW
Samarkand,Pastargom district,Hospital_061,0.0,1.0,0.7,0.6,0.6,1.0,0.4,0.8,0.5,1.0,0.5,0.1,0.5,0.5,0.0,0.0,1.0,1.0,1.0,0.0,0.5,0.4,1.0,0.6,1.0,0.0,0.0,0.0,0.5,0.4,0.0,0.0,0.0,1.0,0.5,0.5,0.0,1.0,0.0,0.5,0.06968013807489692,0.0,0.0,0.2,0.02,0.53,0.44,39.65,67.2,RED,RED
Samarkand,Taylak district,Hospital_062,0.0,0.5,0.3,0.3,0.6,0.8,1.0,1.0,1.0,1.0,1.0,1.0,1.0,1.0,0.0,0.0,1.0,1.0,0.7,1.0,1.0,0.7,1.0,1.0,1.0,1.0,1.0,0.7,1.0,1.0,1.0,0.6,1.0,1.0,1.0,1.0,1.0,1.0,1.0,1.0,0.051975637806521244,0.011328324046365454,0.011328324046365454,0.8,0.02,0.73,0.88,39.6575,67.2353,GREEN,GREEN
Samarkand,Samarkand district,Hospital_063,0.0,0.5,0.3,0.6,0.6,0.8,1.0,1.0,1.0,1.0,1.0,1.0,1.0,1.0,1.0,1.0,1.0,1.0,1.0,1.0,1.0,1.0,1.0,1.0,1.0,1.0,1.0,0.0,1.0,1.0,1.0,1.0,0.5,1.0,1.0,1.0,1.0,1.0,1.0,1.0,0.055497026669936445,0.01404974446410824,0.01404974446410824,1.0,0.03,0.72,0.98,39.65417,66.95972,GREEN,GREEN
Samarkand,Ishtihan district,Hospital_064,0.0,1.0,0.3,0.3,0.6,0.8,1.0,1.0,1.0,1.0,1.0,1.0,1.0,0.5,0.0,1.0,1.0,1.0,1.0,1.0,1.0,1.0,1.0,1.0,1.0,1.0,1.0,0.7,1.0,0.8,1.0,0.6,0.0,1.0,1.0,1.0,1.0,1.0,1.0,1.0,0.04578903979998227,0.0083105746306158,0.0083105746306158,1.0,0.02,0.78,0.88,39.8371,66.4843,GREEN,YELLOW
Samarkand,Kattakurgan city,Hospital_065,0.6,0.5,0.3,1.0,0.3,0.8,1.0,0.8,1.0,1.0,1.0,1.0,1.0,0.5,0.0,0.0,1.0,1.0,1.0,1.0,1.0,0.7,1.0,1.0,1.0,1.0,0.0,1.0,1.0,0.4,0.0,0.0,1.0,1.0,1.0,1.0,1.0,1.0,1.0,0.5,0.0010242109441514922,0.00048690211759659223,0.00048690211759659223,0.8,0.0,0.81,0.73,39.89889,66.25611,RED,RED
Samarkand,Bulungur district,Hospital_066,0.0,0.5,0.3,0.3,0.3,0.8,0.4,1.0,1.0,0.5,0.5,0.5,1.0,0.5,1.0,0.0,1.0,1.0,1.0,0.0,1.0,1.0,1.0,1.0,1.0,1.0,0.0,0.5,1.0,1.0,1.0,0.6,1.0,1.0,1.0,1.0,1.0,1.0,1.0,0.0,0.04507840270968981,0.001166303964364878,0.001166303964364878,0.6,0.02,0.55,0.81,39.7573054,67.27287,RED,RED
Samarkand,Jomboy district,Hospital_067,0.0,0.3,0.7,1.0,0.3,0.8,1.0,0.3,1.0,1.0,1.0,1.0,0.0,0.5,0.0,0.0,0.5,0.6,1.0,0.0,1.0,0.7,1.0,1.0,0.0,1.0,1.0,1.0,1.0,0.4,0.0,0.6,1.0,1.0,0.0,0.0,0.0,1.0,1.0,1.0,0.06560990378227335,0.0,0.0,0.8,0.02,0.75,0.55,39.69889,67.09333,RED,RED
Samarkand,Narpay district,Hospital_068,0.0,1.0,1.0,0.6,0.3,0.8,0.4,1.0,1.0,0.5,0.5,0.5,0.0,0.5,0.0,0.0,0.5,1.0,1.0,1.0,0.5,0.4,0.5,1.0,1.0,0.0,1.0,0.5,0.0,0.4,0.0,0.0,0.5,1.0,1.0,0.0,1.0,1.0,0.4,1.0,0.29320597738258275,0.1374363763582927,0.1374363763582927,0.2,0.19,0.55,0.57,39.9223,65.925,RED,RED
Samarkand,Oqdaryo district,Hospital_069,0.0,0.5,0.3,0.6,0.3,0.8,0.0,0.8,0.1,0.5,0.1,0.1,0.0,1.0,0.0,0.0,0.0,1.0,1.0,1.0,1.0,0.0,0.5,1.0,1.0,0.0,1.0,0.0,0.5,0.4,0.0,0.0,0.5,1.0,0.5,0.5,0.0,1.0,1.0,0.5,0.0002650679844139147,0.0,0.0,0.2,0.0,0.32,0.53,39.9092,67.0916,RED,RED
Samarkand,Qushrabat district,Hospital_071,0.0,1.0,0.3,0.3,0.6,0.8,1.0,1.0,1.0,1.0,1.0,1.0,1.0,0.5,1.0,0.0,1.0,1.0,1.0,1.0,1.0,0.7,1.0,1.0,1.0,1.0,1.0,0.0,1.0,1.0,1.0,0.6,0.5,1.0,1.0,1.0,1.0,1.0,1.0,1.0,0.0003807288092528283,0.0,0.0,1.0,0.0,0.73,0.9,40.3333,66.5,RED,RED
Samarkand,Nurabad district,Hospital_072,0.0,0.5,0.3,0.3,0.6,0.8,1.0,1.0,1.0,1.0,1.0,1.0,1.0,1.0,1.0,0.0,1.0,1.0,1.0,1.0,1.0,1.0,1.0,1.0,1.0,1.0,1.0,0.0,1.0,1.0,1.0,0.6,1.0,1.0,0.0,0.0,1.0,1.0,1.0,1.0,0.00021063117560440214,0.0,0.0,1.0,0.0,0.7,0.87,39.6100912,66.29622,RED,RED
Samarkand,Samarkand city,Hospital_073,0.0,0.5,0.3,1.0,0.3,0.8,1.0,1.0,0.5,1.0,0.5,1.0,1.0,0.5,1.0,0.3,1.0,1.0,1.0,1.0,1.0,0.7,0.5,1.0,0.5,0.5,1.0,1.0,1.0,1.0,0.4,0.6,0.5,1.0,1.0,0.0,1.0,1.0,0.4,1.0,0.04818137954922404,0.0,0.0,0.8,0.02,0.71,0.77,39.65417,66.95972,YELLOW,YELLOW
Samarkand,Payarik district,Hospital_074,0.0,0.3,0.3,0.3,0.6,0.8,1.0,1.0,1.0,1.0,1.0,1.0,1.0,1.0,0.0,0.0,1.0,1.0,1.0,1.0,1.0,0.7,1.0,1.0,1.0,1.0,0.0,0.0,1.0,1.0,1.0,0.6,1.0,1.0,1.0,1.0,1.0,1.0,1.0,1.0,0.04468617419490792,0.0,0.0,1.0,0.01,0.69,0.86,39.98917,66.84583,YELLOW,YELLOW
Samarkand,Urgut district,Hospital_075,0.0,1.0,0.7,0.6,0.3,0.8,0.0,0.8,0.1,0.5,0.1,0.5,0.0,0.5,0.0,0.0,0.5,0.6,1.0,1.0,0.0,0.4,0.5,1.0,0.0,0.0,0.0,0.7,0.5,0.4,0.0,0.0,1.0,0.5,0.5,0.5,0.0,1.0,0.0,0.5,0.04702495208759029,0.0,0.0,1.0,0.02,0.51,0.38,39.4022,67.2431,RED,RED
Samarkand,Paxtachi district,Hospital_076,0.0,1.0,0.3,0.3,0.6,0.8,0.4,0.8,0.5,0.5,0.5,0.5,0.0,0.5,0.0,0.0,0.5,0.6,1.0,0.0,1.0,1.0,0.5,1.0,1.0,1.0,0.0,0.5,1.0,0.4,0.0,0.6,0.5,0.0,0.5,0.5,0.0,1.0,0.0,0.5,0.008686353028182742,0.0,0.0,0.8,0.0,0.57,0.47,39.9167,66.0,RED,RED
Samarkand,Pastargom district,Hospital_077,0.0,1.0,0.3,0.3,0.6,0.8,0.4,1.0,0.5,1.0,1.0,1.0,1.0,0.5,0.0,0.7,0.5,1.0,1.0,0.0,1.0,0.0,1.0,1.0,0.0,1.0,0.0,1.0,1.0,0.8,1.0,1.0,1.0,0.0,0.0,0.0,1.0,0.0,0.4,0.5,0.0002528495182451483,3.697014810051776e-05,3.697014810051776e-05,1.0,0.0,0.73,0.55,39.65,67.2,RED,RED
Samarkand,Taylak district,Hospital_078,0.0,0.5,0.3,0.3,0.6,0.8,1.0,1.0,1.0,1.0,0.1,1.0,1.0,0.5,0.0,0.7,1.0,1.0,1.0,0.0,1.0,1.0,1.0,1.0,1.0,0.5,0.0,1.0,1.0,1.0,1.0,0.6,0.5,1.0,0.0,0.0,1.0,1.0,1.0,1.0,0.0002461584558684511,3.4491668580432444e-05,3.4491668580432444e-05,0.8,0.0,0.69,0.72,39.6575,67.2353,RED,RED
Samarkand,Samarkand district,Hospital_079,0.0,0.5,0.3,0.6,0.6,1.0,0.4,0.8,0.5,0.5,0.1,0.5,1.0,1.0,0.0,0.0,0.5,0.6,1.0,1.0,1.0,1.0,1.0,1.0,0.0,0.5,0.5,0.5,0.5,1.0,1.0,1.0,1.0,1.0,0.0,1.0,1.0,1.0,1.0,0.5,0.05046894148791596,0.0,0.0,1.0,0.02,0.52,0.75,39.65417,66.95972,RED,RED
Samarkand,Ishtihan district,Hospital_080,0.0,0.5,0.3,0.6,0.3,0.8,1.0,1.0,0.5,0.5,1.0,0.5,1.0,0.5,1.0,0.0,1.0,1.0,1.0,1.0,1.0,1.0,0.5,1.0,1.0,0.0,0.0,1.0,0.5,1.0,1.0,0.6,1.0,1.0,1.0,1.0,1.0,1.0,1.0,0.5,0.05046894148791596,0.0,0.0,1.0,0.02,0.63,0.81,39.8371,66.4843,RED,RED
Samarkand,Kattakurgan city,Hospital_081,0.0,1.0,0.3,0.3,0.3,0.8,1.0,1.0,1.0,1.0,1.0,1.0,1.0,0.5,0.0,0.0,0.0,1.0,0.7,1.0,1.0,1.0,1.0,1.0,1.0,1.0,0.0,0.0,1.0,1.0,1.0,0.6,0.0,1.0,1.0,1.0,1.0,1.0,1.0,1.0,0.00040073082872294527,0.0,0.0,1.0,0.0,0.71,0.76,39.89889,66.25611,RED,RED
Samarkand,Bulungur district,Hospital_082,0.0,0.5,0.3,0.3,0.3,0.8,1.0,1.0,1.0,1.0,1.0,1.0,1.0,0.5,0.0,0.0,1.0,1.0,1.0,1.0,1.0,0.7,0.5,1.0,1.0,0.0,0.0,0.7,0.5,1.0,1.0,1.0,0.5,1.0,1.0,1.0,1.0,1.0,1.0,1.0,0.037726746118558384,0.009490316667322337,0.009490316667322337,1.0,0.02,0.69,0.78,39.7573054,67.27287,YELLOW,YELLOW
Samarkand,Jomboy district,Hospital_083,0.0,0.3,0.3,0.3,0.3,0.8,1.0,1.0,1.0,1.0,1.0,1.0,1.0,1.0,1.0,1.0,1.0,1.0,0.7,1.0,1.0,0.7,1.0,1.0,1.0,1.0,1.0,0.7,1.0,0.8,1.0,1.0,1.0,1.0,0.0,0.0,1.0,1.0,1.0,1.0,0.04111122347493331,0.01672961485186863,0.01672961485186863,0.8,0.02,0.7,0.89,39.69889,67.09333,YELLOW,YELLOW
Samarkand,Narpay district,Hospital_084,0.0,0.5,0.3,0.3,0.6,0.8,1.0,1.0,1.0,1.0,1.0,1.0,1.0,1.0,1.0,0.0,1.0,1.0,1.0,1.0,1.0,1.0,1.0,1.0,1.0,0.0,1.0,0.7,1.0,1.0,1.0,0.6,0.5,1.0,0.0,0.0,1.0,1.0,1.0,1.0,0.04282375647531781,0.009754070437221716,0.009754070437221716,0.8,0.02,0.73,0.81,39.9223,65.925,YELLOW,YELLOW
Samarkand,Oqdaryo district,Hospital_085,0.0,0.5,0.3,0.3,0.6,0.8,1.0,1.0,1.0,1.0,1.0,1.0,1.0,1.0,0.0,0.0,1.0,1.0,1.0,0.0,1.0,0.7,0.5,1.0,1.0,0.5,1.0,1.0,1.0,0.8,0.4,0.0,0.0,0.0,0.0,0.0,1.0,1.0,0.4,0.5,0.03720584475757772,0.0,0.0,0.8,0.01,0.75,0.57,39.9092,67.0916,RED,RED
Samarkand,Kattakurgan district,Hospital_086,0.0,0.5,1.0,0.3,0.3,0.3,0.0,0.3,0.1,0.1,0.1,0.1,0.0,1.0,0.0,0.0,0.0,0.6,0.3,0.0,1.0,0.7,1.0,1.0,0.5,0.0,1.0,0.0,0.0,0.4,0.0,0.0,1.0,1.0,0.5,0.5,1.0,0.0,0.0,0.0,0.04657788984470757,0.0,0.0,0.2,0.02,0.22,0.44,39.89716,66.27242,RED,RED
Samarkand,Qushrabat district,Hospital_087,0.0,0.5,0.3,0.3,0.6,0.8,1.0,0.8,0.1,1.0,1.0,1.0,1.0,0.5,1.0,0.3,0.5,1.0,1.0,1.0,1.0,0.7,1.0,1.0,1.0,1.0,0.5,1.0,1.0,1.0,1.0,1.0,1.0,1.0,1.0,1.0,1.0,1.0,1.0,0.0,0.20071619770428642,0.0,0.0,0.8,0.07,0.68,0.87,40.3333,66.5,YELLOW,YELLOW
Samarkand,Samarkand city,Hospital_089,0.0,0.5,0.3,0.3,0.6,0.8,1.0,1.0,1.0,1.0,1.0,1.0,1.0,0.5,0.0,1.0,1.0,1.0,1.0,1.0,1.0,0.7,1.0,1.0,1.0,1.0,1.0,0.7,1.0,0.8,1.0,0.6,1.0,1.0,1.0,1.0,1.0,1.0,1.0,1.0,0.0010007092127391416,0.00040978772300202793,0.00040978772300202793,1.0,0.0,0.75,0.91,39.65417,66.95972,RED,RED
Samarkand,Payarik district,Hospital_090,0.0,0.5,0.3,1.0,0.3,0.8,1.0,1.0,1.0,1.0,1.0,1.0,1.0,0.5,1.0,0.0,1.0,1.0,1.0,1.0,1.0,1.0,1.0,1.0,1.0,1.0,0.5,0.5,1.0,1.0,0.6,0.6,1.0,1.0,0.0,1.0,1.0,1.0,1.0,1.0,0.04111122347493331,0.011328324046365454,0.011328324046365454,0.8,0.02,0.75,0.85,39.98917,66.84583,GREEN,YELLOW
Samarkand,Urgut district,Hospital_091,0.0,0.5,0.3,0.3,0.3,1.0,0.4,0.6,0.1,0.5,0.3,0.1,0.0,0.5,0.0,0.0,0.0,0.3,1.0,1.0,1.0,1.0,1.0,1.0,0.5,1.0,0.0,0.0,0.0,0.4,0.0,0.0,0.5,0.0,0.5,0.5,0.0,1.0,1.0,0.5,0.18420670959456023,0.0,0.0,0.2,0.06,0.31,0.49,39.4022,67.2431,RED,RED
Samarkand,Paxtachi district,Hospital_092,0.0,0.5,0.3,0.3,0.6,0.8,1.0,1.0,1.0,1.0,1.0,1.0,1.0,1.0,1.0,0.0,1.0,1.0,1.0,1.0,1.0,1.0,1.0,1.0,1.0,1.0,1.0,0.7,1.0,1.0,1.0,0.6,0.0,1.0,1.0,1.0,1.0,1.0,0.0,1.0,0.08314690514657695,0.032002556606419784,0.032002556606419784,1.0,0.05,0.75,0.87,39.9167,66.0,GREEN,GREEN
Samarkand,Pastargom district,Hospital_093,0.0,1.0,0.3,0.3,0.3,0.8,0.4,1.0,0.5,1.0,1.0,1.0,0.5,1.0,0.0,0.0,1.0,1.0,1.0,1.0,1.0,0.7,1.0,1.0,1.0,1.0,0.0,0.5,0.0,0.4,0.0,0.6,1.0,0.0,0.5,0.5,1.0,1.0,0.0,0.5,0.030644378184920436,0.0,0.0,1.0,0.01,0.61,0.64,39.65,67.2,RED,RED
Samarkand,Taylak district,Hospital_094,0.0,0.5,0.3,0.6,0.6,0.8,1.0,1.0,1.0,1.0,1.0,1.0,1.0,1.0,0.0,1.0,1.0,1.0,0.7,1.0,1.0,0.7,1.0,1.0,0.5,1.0,0.5,0.5,1.0,1.0,1.0,1.0,1.0,1.0,1.0,1.0,1.0,1.0,1.0,1.0,0.7798303380803787,0.8446735807953556,0.8446735807953556,1.0,0.82,0.75,0.9,39.6575,67.2353,GREEN,GREEN
Samarkand,Samarkand district,Hospital_095,0.0,1.0,0.3,0.3,0.6,0.8,1.0,0.8,1.0,1.0,0.5,0.5,1.0,0.5,0.0,0.0,0.5,0.6,1.0,0.0,1.0,1.0,1.0,1.0,0.5,0.5,1.0,0.0,1.0,1.0,0.4,0.6,1.0,1.0,0.0,0.0,1.0,1.0,1.0,1.0,0.052723587722287975,0.0,0.0,0.8,0.02,0.64,0.68,39.65417,66.95972,RED,RED
Samarkand,Kattakurgan city,Hospital_097,0.0,0.5,0.3,0.6,0.3,0.8,1.0,1.0,1.0,1.0,1.0,1.0,1.0,0.5,0.0,1.0,1.0,1.0,1.0,1.0,1.0,1.0,1.0,1.0,1.0,1.0,0.5,1.0,0.5,1.0,1.0,0.6,0.5,1.0,1.0,1.0,1.0,1.0,1.0,1.0,0.0005620032427432049,0.0,0.0,1.0,0.0,0.73,0.89,39.89889,66.25611,RED,RED
Samarkand,Bulungur district,Hospital_098,0.0,1.0,0.3,0.3,0.6,0.8,1.0,1.0,1.0,1.0,1.0,1.0,1.0,1.0,0.0,0.0,1.0,1.0,1.0,1.0,1.0,1.0,1.0,1.0,1.0,0.0,1.0,0.7,1.0,1.0,1.0,0.6,0.5,1.0,1.0,1.0,1.0,1.0,1.0,1.0,0.0015816521726242849,0.0,0.0,0.8,0.0,0.77,0.85,39.7573054,67.27287,RED,RED
Samarkand,Jomboy district,Hospital_099,0.0,0.5,0.3,0.3,0.6,0.8,1.0,1.0,1.0,1.0,1.0,1.0,1.0,0.5,0.0,0.0,1.0,1.0,1.0,1.0,0.5,0.4,1.0,1.0,1.0,1.0,0.0,0.0,1.0,1.0,1.0,0.6,0.5,1.0,1.0,0.0,1.0,1.0,0.4,1.0,0.17422274668927965,0.0,0.0,1.0,0.06,0.7,0.73,39.69889,67.09333,YELLOW,YELLOW
Samarkand,Narpay district,Hospital_100,0.0,0.5,0.3,0.3,0.6,0.8,1.0,0.8,1.0,1.0,1.0,1.0,1.0,1.0,0.0,0.0,1.0,1.0,1.0,1.0,1.0,1.0,1.0,1.0,1.0,0.0,0.5,0.5,1.0,1.0,1.0,0.6,1.0,1.0,1.0,1.0,1.0,1.0,1.0,1.0,0.03418008430448693,0.008564044856381648,0.008564044856381648,1.0,0.02,0.72,0.85,39.9223,65.925,GREEN,YELLOW
Samarkand,Oqdaryo district,Hospital_101,0.0,0.5,0.3,1.0,0.3,0.8,0.4,0.8,0.1,0.1,0.5,0.1,0.0,0.5,0.0,0.0,0.5,0.6,1.0,1.0,1.0,0.7,0.5,0.6,0.5,0.0,0.0,0.0,0.5,0.4,0.4,0.0,1.0,1.0,0.5,0.5,1.0,1.0,0.0,0.5,0.06697842959764218,0.021969648778008916,0.021969648778008916,0.2,0.04,0.37,0.51,39.9092,67.0916,RED,RED
Samarkand,Qushrabat district,Hospital_103,0.0,0.5,0.3,0.3,0.6,0.8,1.0,0.6,1.0,1.0,1.0,1.0,1.0,1.0,1.0,0.0,1.0,1.0,1.0,1.0,1.0,1.0,1.0,1.0,1.0,1.0,1.0,0.7,1.0,0.8,1.0,1.0,1.0,1.0,1.0,1.0,1.0,1.0,1.0,1.0,0.08314690514657695,0.032002556606419784,0.032002556606419784,0.8,0.05,0.71,0.95,40.3333,66.5,YELLOW,YELLOW
Samarkand,Nurabad district,Hospital_104,0.0,0.5,0.3,0.3,0.6,0.8,1.0,1.0,1.0,1.0,1.0,1.0,1.0,0.5,0.0,0.0,0.5,1.0,1.0,1.0,1.0,1.0,1.0,1.0,1.0,0.0,1.0,0.0,1.0,1.0,0.4,0.6,0.5,1.0,0.0,0.0,1.0,1.0,0.0,1.0,0.04818137954922404,0.0,0.0,1.0,0.02,0.7,0.67,39.6100912,66.29622,RED,RED
Samarkand,Samarkand city,Hospital_105,0.0,1.0,1.0,0.6,0.6,1.0,0.4,1.0,0.5,0.5,0.5,0.5,1.0,0.5,1.0,0.3,1.0,0.6,1.0,1.0,1.0,1.0,1.0,0.6,1.0,1.0,1.0,0.7,1.0,0.4,0.0,0.0,0.0,1.0,0.5,0.5,1.0,1.0,0.0,0.5,0.0003130774464860158,0.0,0.0,0.8,0.0,0.67,0.69,39.65417,66.95972,RED,RED
Samarkand,Payarik district,Hospital_106,0.0,1.0,0.3,0.3,0.3,0.8,0.4,1.0,1.0,1.0,0.5,0.5,0.0,0.5,0.0,0.3,1.0,1.0,1.0,1.0,0.5,1.0,1.0,1.0,1.0,1.0,1.0,1.0,0.0,0.4,0.0,0.6,0.5,0.0,0.5,0.5,1.0,0.0,0.0,0.5,0.0006435436430208419,9.575611948212018e-05,9.575611948212018e-05,1.0,0.0,0.61,0.59,39.98917,66.84583,RED,RED
Samarkand,Paxtachi district,Hospital_108,0.0,1.0,0.3,0.3,0.3,0.8,1.0,1.0,1.0,1.0,1.0,1.0,1.0,0.5,0.0,0.0,1.0,1.0,1.0,1.0,1.0,0.0,1.0,1.0,1.0,1.0,0.5,0.0,1.0,1.0,1.0,0.6,0.0,1.0,0.0,1.0,1.0,1.0,0.0,1.0,0.06765823634649948,0.032002556606419784,0.032002556606419784,1.0,0.04,0.71,0.72,39.9167,66.0,YELLOW,YELLOW
Samarkand,Pastargom district,Hospital_109,0.0,0.5,0.3,1.0,1.0,0.8,0.0,0.8,0.1,0.1,0.1,0.1,0.5,1.0,0.0,0.0,0.0,0.6,1.0,0.0,0.5,0.4,0.0,0.6,0.5,1.0,0.0,0.0,0.0,0.4,0.4,0.6,0.0,0.5,0.5,0.5,0.0,1.0,0.0,0.5,0.6541064892046706,0.0,0.0,0.2,0.22,0.33,0.4,39.65,67.2,RED,RED
Samarkand,Bulungur district,Hospital_110,0.0,0.5,0.3,0.3,0.6,1.0,1.0,1.0,1.0,1.0,1.0,1.0,1.0,1.0,0.0,0.0,1.0,1.0,0.7,1.0,1.0,0.7,1.0,1.0,1.0,1.0,1.0,0.7,1.0,0.8,1.0,1.0,1.0,1.0,0.0,0.0,1.0,1.0,0.0,1.0,0.03334545730221871,0.014435097200312384,0.014435097200312384,0.8,0.02,0.75,0.78,39.7573054,67.27287,YELLOW,YELLOW
Samarkand,Ishtihan district,Hospital_112,0.0,0.5,0.7,0.3,0.3,0.8,0.4,0.8,0.1,0.1,0.5,0.5,1.0,0.5,0.0,0.0,0.0,1.0,1.0,0.0,1.0,1.0,1.0,1.0,0.0,0.0,1.0,0.0,0.0,0.4,0.0,0.0,1.0,1.0,0.5,0.5,1.0,1.0,0.0,0.5,0.29249680221271573,0.3193134267017339,0.3193134267017339,0.2,0.31,0.35,0.55,39.8371,66.4843,RED,RED
Samarkand,Bulungur district,Hospital_114,0.0,1.0,0.3,0.3,0.6,1.0,1.0,1.0,1.0,1.0,1.0,1.0,1.0,1.0,0.0,0.0,1.0,1.0,1.0,1.0,1.0,0.7,1.0,1.0,1.0,0.5,1.0,0.7,1.0,0.8,1.0,1.0,0.0,1.0,1.0,1.0,1.0,1.0,1.0,1.0,0.04609362566190875,0.0,0.0,0.8,0.02,0.78,0.85,39.7573054,67.27287,GREEN,GREEN
Samarkand,Jomboy district,Hospital_115,0.0,0.5,0.7,0.3,0.6,0.8,0.4,1.0,1.0,1.0,1.0,1.0,1.0,0.5,0.0,0.0,1.0,1.0,1.0,1.0,1.0,0.7,1.0,1.0,1.0,1.0,0.5,1.0,1.0,1.0,1.0,0.6,1.0,0.0,0.0,1.0,1.0,1.0,1.0,1.0,0.0008095547973979521,0.001219676046915862,0.001219676046915862,1.0,0.0,0.75,0.78,39.69889,67.09333,RED,RED
Samarkand,Narpay district,Hospital_116,0.0,0.3,0.3,0.6,0.6,0.8,1.0,1.0,1.0,1.0,1.0,1.0,1.0,1.0,1.0,1.0,1.0,1.0,1.0,1.0,1.0,1.0,1.0,1.0,1.0,1.0,0.0,1.0,1.0,1.0,1.0,0.6,1.0,1.0,1.0,1.0,1.0,1.0,1.0,1.0,0.047668465147423476,0.12166680820699004,0.12166680820699004,0.8,0.1,0.76,0.95,39.9223,65.925,GREEN,GREEN
Samarkand,Oqdaryo district,Hospital_117,0.0,1.0,0.3,0.3,0.6,0.8,1.0,1.0,1.0,1.0,1.0,1.0,1.0,0.5,0.0,0.0,1.0,1.0,1.0,1.0,1.0,0.7,1.0,1.0,1.0,1.0,0.0,1.0,1.0,1.0,1.0,0.6,0.5,1.0,0.0,0.0,1.0,1.0,1.0,1.0,0.026465591612348464,0.002324909496639708,0.002324909496639708,0.8,0.01,0.79,0.74,39.9092,67.0916,YELLOW,YELLOW
Samarkand,Qushrabat district,Hospital_119,0.0,0.5,0.3,0.3,0.6,0.8,1.0,1.0,1.0,1.0,1.0,1.0,1.0,1.0,1.0,0.0,1.0,1.0,0.7,1.0,1.0,0.7,1.0,1.0,1.0,1.0,1.0,0.7,1.0,1.0,1.0,1.0,0.0,1.0,0.0,0.0,1.0,1.0,1.0,1.0,0.5999297670203368,0.0,0.0,0.8,0.2,0.73,0.82,40.3333,66.5,GREEN,GREEN
Samarkand,Nurabad district,Hospital_120,0.0,0.5,0.3,0.6,0.6,0.8,1.0,1.0,1.0,1.0,1.0,1.0,1.0,1.0,0.0,0.0,1.0,1.0,1.0,1.0,1.0,0.7,1.0,1.0,1.0,1.0,1.0,0.7,1.0,1.0,1.0,1.0,1.0,1.0,0.0,1.0,1.0,1.0,1.0,1.0,0.0474113769686065,0.0,0.0,0.8,0.02,0.75,0.87,39.6100912,66.29622,GREEN,GREEN
Samarkand,Samarkand city,Hospital_121,0.0,0.5,0.3,0.3,0.3,0.8,1.0,1.0,1.0,1.0,0.5,0.5,0.5,0.5,0.0,0.0,1.0,0.6,1.0,1.0,1.0,1.0,1.0,1.0,1.0,1.0,0.5,0.5,0.5,0.4,0.0,0.0,0.5,1.0,0.5,0.5,0.0,1.0,0.0,0.5,5.2979866040789865e-05,5.2844565469488966e-05,5.2844565469488966e-05,0.8,0.0,0.6,0.6,39.65417,66.95972,RED,RED
Samarkand,Payarik district,Hospital_122,0.0,0.5,0.3,0.3,0.6,0.8,0.4,1.0,1.0,1.0,1.0,1.0,1.0,0.5,1.0,0.0,1.0,1.0,1.0,1.0,1.0,1.0,1.0,1.0,1.0,1.0,1.0,1.0,1.0,1.0,1.0,1.0,1.0,1.0,1.0,1.0,1.0,1.0,1.0,0.5,0.04111122347493331,0.008564044856381648,0.008564044856381648,0.8,0.02,0.71,0.92,39.98917,66.84583,YELLOW,YELLOW
Samarkand,Urgut district,Hospital_123,0.0,0.5,0.3,0.3,0.6,1.0,1.0,1.0,1.0,1.0,1.0,1.0,1.0,1.0,0.0,0.7,1.0,1.0,1.0,1.0,1.0,0.7,1.0,1.0,1.0,1.0,1.0,0.0,1.0,1.0,1.0,0.6,0.5,1.0,1.0,1.0,1.0,1.0,1.0,1.0,0.044517775242817435,0.014435097200312384,0.014435097200312384,0.8,0.02,0.7,0.9,39.4022,67.2431,YELLOW,YELLOW
Samarkand,Paxtachi district,Hospital_124,0.0,1.0,0.3,0.3,0.6,0.8,1.0,1.0,1.0,1.0,1.0,1.0,1.0,1.0,0.0,0.0,1.0,1.0,0.7,1.0,1.0,1.0,1.0,1.0,1.0,0.0,1.0,0.0,0.5,1.0,1.0,0.6,0.0,1.0,0.0,1.0,1.0,1.0,0.0,1.0,0.0001695762532514364,0.0,0.0,0.8,0.0,0.69,0.74,39.9167,66.0,RED,RED
Samarkand,Pastargom district,Hospital_125,0.0,0.5,0.3,0.3,0.3,0.8,1.0,1.0,1.0,1.0,1.0,1.0,1.0,1.0,0.0,0.3,1.0,1.0,1.0,1.0,1.0,0.7,1.0,1.0,1.0,1.0,0.0,0.5,1.0,0.4,1.0,0.6,1.0,1.0,1.0,1.0,1.0,1.0,1.0,1.0,0.00034017732660873023,4.89004323655882e-05,4.89004323655882e-05,1.0,0.0,0.71,0.85,39.65,67.2,RED,RED
Samarkand,Taylak district,Hospital_126,0.0,0.5,0.3,0.3,0.6,1.0,1.0,1.0,1.0,1.0,1.0,1.0,1.0,1.0,0.0,0.7,1.0,1.0,1.0,1.0,1.0,0.7,0.5,1.0,1.0,1.0,1.0,1.0,1.0,0.8,1.0,1.0,0.0,1.0,1.0,1.0,1.0,1.0,1.0,1.0,0.04111122347493331,0.0,0.0,0.8,0.01,0.77,0.87,39.6575,67.2353,YELLOW,YELLOW
Samarkand,Samarkand district,Hospital_127,0.0,0.5,0.3,0.3,0.6,0.8,1.0,0.8,1.0,1.0,1.0,1.0,1.0,1.0,0.0,0.0,1.0,0.6,1.0,1.0,1.0,1.0,1.0,1.0,1.0,0.0,0.5,0.5,1.0,0.4,0.0,0.0,0.5,1.0,0.5,0.5,0.0,1.0,0.0,0.5,0.05935565362474454,0.011183915892731986,0.011183915892731986,0.8,0.03,0.71,0.6,39.65417,66.95972,RED,RED
Samarkand,Ishtihan district,Hospital_128,0.0,0.5,0.3,0.3,0.6,1.0,1.0,1.0,1.0,1.0,1.0,1.0,1.0,1.0,0.0,0.0,1.0,1.0,1.0,1.0,1.0,0.7,1.0,1.0,1.0,1.0,1.0,0.0,1.0,0.8,1.0,1.0,1.0,1.0,0.0,1.0,1.0,1.0,1.0,0.5,0.03990121584186322,0.0,0.0,0.2,0.01,0.66,0.85,39.8371,66.4843,RED,RED
Samarkand,Kattakurgan city,Hospital_129,0.0,1.0,0.7,0.3,0.6,0.8,1.0,1.0,1.0,1.0,1.0,1.0,1.0,1.0,0.0,0.0,1.0,1.0,1.0,1.0,1.0,1.0,1.0,1.0,1.0,1.0,0.5,1.0,1.0,1.0,0.6,0.6,0.0,0.0,0.0,0.0,1.0,1.0,0.0,1.0,0.0493293349387388,0.0,0.0,0.8,0.02,0.81,0.68,39.89889,66.25611,RED,RED
Samarkand,Bulungur district,Hospital_130,0.0,0.5,0.3,1.0,0.3,0.3,0.4,0.8,0.1,0.1,0.1,0.1,1.0,0.5,0.0,0.0,0.5,1.0,1.0,1.0,1.0,0.7,1.0,1.0,0.5,1.0,0.5,1.0,0.0,0.4,0.0,0.6,1.0,1.0,0.5,0.5,0.0,1.0,1.0,1.0,0.0019312819358947401,0.004878804925808115,0.004878804925808115,0.2,0.0,0.35,0.68,39.7573054,67.27287,RED,RED
Samarkand,Jomboy district,Hospital_131,0.0,1.0,0.3,0.3,0.3,1.0,0.4,0.8,0.1,0.1,0.1,0.1,0.5,0.5,0.0,0.0,0.0,0.3,1.0,0.0,1.0,0.7,1.0,1.0,0.5,1.0,0.5,0.0,0.0,0.4,0.6,0.0,0.5,0.5,0.5,0.5,1.0,1.0,0.4,0.5,0.03621409961256176,0.12166680820699004,0.12166680820699004,0.6,0.09,0.34,0.53,39.69889,67.09333,RED,RED
Samarkand,Narpay district,Hospital_132,0.0,0.5,0.3,0.3,0.3,0.8,1.0,1.0,1.0,1.0,1.0,1.0,1.0,1.0,1.0,0.0,1.0,1.0,1.0,1.0,1.0,0.7,0.5,1.0,0.5,0.0,0.0,0.5,1.0,1.0,1.0,1.0,1.0,1.0,1.0,1.0,1.0,1.0,1.0,0.5,0.03115897703769726,0.0,0.0,1.0,0.01,0.71,0.82,39.9223,65.925,YELLOW,YELLOW
Samarkand,Kattakurgan district,Hospital_134,0.0,1.0,0.3,0.3,0.6,0.8,1.0,1.0,1.0,1.0,1.0,1.0,1.0,1.0,0.0,0.0,1.0,1.0,1.0,1.0,1.0,1.0,1.0,1.0,1.0,1.0,0.0,1.0,1.0,1.0,1.0,0.6,0.5,1.0,0.5,0.5,1.0,1.0,0.0,1.0,0.03704098918230975,0.0,0.0,1.0,0.01,0.8,0.77,39.89716,66.27242,YELLOW,YELLOW
Samarkand,Qushrabat district,Hospital_135,0.0,0.5,0.3,1.0,0.3,0.8,0.4,0.8,0.1,0.1,0.1,0.1,0.0,0.5,0.0,0.0,0.0,0.6,0.7,1.0,1.0,0.7,1.0,1.0,1.0,1.0,0.5,0.5,1.0,0.4,0.0,0.0,0.5,1.0,0.5,0.5,1.0,1.0,1.0,0.5,0.0003996348682263976,8.617837017228117e-05,8.617837017228117e-05,0.6,0.0,0.44,0.59,40.3333,66.5,RED,RED
Samarkand,Nurabad district,Hospital_136,0.0,0.5,0.3,0.3,0.3,0.8,1.0,1.0,1.0,1.0,1.0,1.0,0.0,0.5,0.0,0.3,1.0,1.0,1.0,1.0,1.0,1.0,1.0,1.0,1.0,0.5,0.0,0.5,1.0,0.4,0.0,0.6,0.0,1.0,0.5,0.5,0.0,1.0,0.0,1.0,0.03225603082926507,0.007365896171167267,0.007365896171167267,0.8,0.02,0.7,0.59,39.6100912,66.29622,RED,RED
Samarkand,Samarkand city,Hospital_137,0.0,0.5,0.3,0.6,0.6,0.8,1.0,1.0,1.0,1.0,1.0,1.0,1.0,0.5,1.0,0.3,1.0,1.0,1.0,1.0,1.0,1.0,1.0,1.0,1.0,1.0,0.5,0.7,1.0,1.0,1.0,0.6,0.5,1.0,1.0,1.0,1.0,1.0,1.0,1.0,0.0285689145999636,0.0,0.0,0.8,0.01,0.75,0.9,39.65417,66.95972,YELLOW,YELLOW
Samarkand,Payarik district,Hospital_138,0.0,0.5,0.3,0.6,0.6,0.8,1.0,1.0,1.0,1.0,1.0,1.0,0.0,0.5,0.0,0.0,1.0,1.0,1.0,1.0,1.0,0.7,1.0,1.0,0.5,0.0,0.0,0.5,1.0,1.0,1.0,1.0,0.5,1.0,1.0,1.0,1.0,1.0,1.0,1.0,0.08314690514657695,0.032002556606419784,0.032002556606419784,1.0,0.05,0.75,0.74,39.98917,66.84583,YELLOW,YELLOW
Samarkand,Paxtachi district,Hospital_140,0.0,1.0,0.7,0.6,0.3,0.8,1.0,0.8,1.0,1.0,1.0,1.0,1.0,1.0,0.0,1.0,1.0,1.0,0.7,1.0,1.0,0.7,1.0,1.0,1.0,1.0,1.0,0.5,1.0,1.0,1.0,1.0,1.0,1.0,0.0,0.0,1.0,1.0,1.0,1.0,0.05046894148791596,0.01672961485186863,0.01672961485186863,0.8,0.03,0.77,0.86,39.9167,66.0,GREEN,GREEN
Samarkand,Pastargom district,Hospital_141,1.0,0.5,1.0,1.0,0.3,0.8,1.0,1.0,1.0,1.0,0.5,1.0,1.0,1.0,1.0,1.0,1.0,1.0,0.7,1.0,1.0,0.7,1.0,1.0,1.0,1.0,0.5,0.7,0.5,1.0,1.0,1.0,0.5,1.0,1.0,1.0,1.0,1.0,1.0,1.0,0.06036877273488613,0.01672961485186863,0.01672961485186863,0.8,0.03,0.81,0.94,39.65,67.2,GREEN,GREEN
Samarkand,Taylak district,Hospital_142,0.0,0.5,0.3,0.3,0.6,0.8,1.0,1.0,1.0,1.0,1.0,1.0,1.0,0.5,0.0,0.0,1.0,1.0,1.0,1.0,1.0,1.0,1.0,1.0,1.0,1.0,0.5,0.5,1.0,1.0,1.0,0.6,1.0,1.0,0.0,0.0,1.0,1.0,1.0,1.0,0.03908932174653587,0.0126943083786374,0.0126943083786374,0.8,0.02,0.72,0.79,39.6575,67.2353,YELLOW,YELLOW
Samarkand,Ishtihan district,Hospital_144,0.0,0.5,0.3,0.3,0.3,0.8,0.4,1.0,1.0,1.0,0.5,1.0,1.0,0.5,1.0,0.0,1.0,1.0,1.0,1.0,1.0,1.0,1.0,1.0,0.5,0.0,0.0,1.0,1.0,1.0,1.0,0.6,1.0,1.0,1.0,1.0,1.0,1.0,1.0,1.0,0.1532990171019142,0.0,0.0,1.0,0.05,0.67,0.83,39.8371,66.4843,YELLOW,YELLOW
Samarkand,Bulungur district,Hospital_146,0.0,1.0,0.3,0.3,0.6,0.8,1.0,1.0,1.0,1.0,1.0,1.0,1.0,0.5,1.0,0.0,1.0,1.0,0.7,1.0,1.0,0.7,1.0,1.0,1.0,1.0,0.5,1.0,1.0,1.0,1.0,1.0,0.5,1.0,1.0,1.0,1.0,1.0,1.0,1.0,0.029807618361644014,0.0,0.0,1.0,0.01,0.8,0.88,39.7573054,67.27287,YELLOW,YELLOW
Samarkand,Jomboy district,Hospital_147,0.0,0.5,0.3,0.3,0.3,0.8,0.4,0.8,0.1,0.1,0.5,0.1,0.0,0.5,0.0,0.0,0.0,1.0,1.0,1.0,1.0,1.0,0.0,1.0,1.0,0.0,0.0,0.0,0.5,0.4,0.0,0.0,1.0,1.0,0.0,0.0,0.0,1.0,0.0,0.5,0.03753503649596093,0.0,0.0,0.2,0.01,0.33,0.44,39.69889,67.09333,RED,RED
Samarkand,Narpay district,Hospital_148,0.0,0.5,0.3,0.6,0.3,0.8,1.0,1.0,1.0,1.0,1.0,1.0,1.0,1.0,0.0,0.0,1.0,1.0,1.0,1.0,1.0,0.7,1.0,1.0,1.0,1.0,1.0,1.0,1.0,0.8,1.0,0.6,0.0,1.0,1.0,1.0,1.0,1.0,1.0,1.0,0.1340645350008193,0.12166680820699004,0.12166680820699004,0.8,0.13,0.75,0.85,39.9223,65.925,GREEN,GREEN
Samarkand,Oqdaryo district,Hospital_149,0.0,0.5,0.3,0.3,0.6,0.8,1.0,1.0,1.0,1.0,1.0,1.0,1.0,1.0,1.0,1.0,1.0,1.0,1.0,1.0,1.0,0.7,1.0,1.0,1.0,1.0,1.0,0.0,1.0,1.0,1.0,1.0,1.0,1.0,1.0,1.0,1.0,1.0,1.0,1.0,0.054946252078839235,0.06881440311707122,0.06881440311707122,0.6,0.06,0.67,0.99,39.9092,67.0916,YELLOW,YELLOW
Samarkand,Kattakurgan district,Hospital_150,0.0,0.5,0.3,0.3,0.3,1.0,1.0,1.0,1.0,1.0,1.0,1.0,1.0,1.0,1.0,0.0,1.0,1.0,1.0,1.0,1.0,0.7,1.0,1.0,1.0,1.0,1.0,1.0,1.0,1.0,1.0,1.0,1.0,1.0,0.0,1.0,1.0,1.0,1.0,1.0,0.03720584475757772,0.0,0.0,1.0,0.01,0.76,0.91,39.89716,66.27242,YELLOW,YELLOW
Samarkand,Qushrabat district,Hospital_151,0.8,1.0,0.3,0.6,0.6,0.8,0.4,0.6,1.0,1.0,0.5,1.0,1.0,0.5,1.0,0.0,1.0,1.0,1.0,1.0,1.0,1.0,1.0,1.0,1.0,1.0,0.0,0.0,0.5,1.0,1.0,1.0,0.5,1.0,1.0,1.0,1.0,1.0,1.0,1.0,0.0006255306105110843,0.00011697974497682275,0.00011697974497682275,1.0,0.0,0.67,0.88,40.3333,66.5,RED,RED
Samarkand,Nurabad district,Hospital_152,0.0,1.0,0.3,1.0,0.3,0.8,1.0,1.0,1.0,1.0,1.0,1.0,1.0,0.5,0.0,0.0,1.0,1.0,1.0,0.0,1.0,0.7,0.5,1.0,0.5,0.0,0.0,0.5,1.0,0.4,0.6,0.0,0.5,1.0,0.5,0.5,0.0,1.0,1.0,1.0,0.044292961416823824,0.0,0.0,1.0,0.01,0.79,0.57,39.6100912,66.29622,RED,RED
Samarkand,Samarkand city,Hospital_153,0.0,0.5,0.3,0.3,0.6,0.8,1.0,0.8,1.0,1.0,1.0,1.0,1.0,1.0,1.0,0.3,1.0,1.0,1.0,1.0,1.0,1.0,1.0,1.0,1.0,0.0,0.5,0.5,1.0,0.4,0.0,0.0,0.0,1.0,0.5,0.5,1.0,1.0,0.0,1.0,0.03454711357347194,0.0,0.0,1.0,0.01,0.72,0.7,39.65417,66.95972,YELLOW,YELLOW
Samarkand,Payarik district,Hospital_154,0.0,0.3,0.3,0.3,0.6,0.8,0.4,0.6,0.5,0.5,0.5,0.5,1.0,1.0,0.0,0.0,0.5,0.6,0.7,0.0,1.0,1.0,1.0,1.0,0.5,0.5,1.0,0.0,0.5,1.0,0.6,0.6,0.5,0.5,1.0,0.0,1.0,0.0,0.4,0.5,0.0571378291999272,0.0,0.0,0.8,0.02,0.44,0.61,39.98917,66.84583,RED,RED
Samarkand,Urgut district,Hospital_155,0.0,0.5,0.3,0.3,0.6,0.8,1.0,0.8,1.0,1.0,1.0,1.0,1.0,1.0,0.0,0.0,1.0,1.0,1.0,1.0,1.0,1.0,1.0,1.0,1.0,0.0,1.0,0.7,1.0,1.0,1.0,1.0,1.0,1.0,1.0,1.0,1.0,1.0,1.0,1.0,0.038681791712300496,0.0,0.0,0.8,0.01,0.72,0.88,39.4022,67.2431,YELLOW,YELLOW
Samarkand,Paxtachi district,Hospital_156,0.0,1.0,0.7,0.3,0.3,0.8,0.4,1.0,0.5,1.0,1.0,0.5,1.0,1.0,1.0,0.0,0.5,0.3,1.0,1.0,1.0,0.7,1.0,0.6,0.0,1.0,1.0,1.0,0.5,1.0,0.0,0.6,0.5,0.5,0.0,0.0,1.0,1.0,1.0,0.5,0.006784610430138425,0.0028548446958955274,0.0028548446958955274,1.0,0.0,0.67,0.66,39.9167,66.0,RED,RED
Samarkand,Pastargom district,Hospital_157,0.0,0.3,0.7,0.3,0.6,0.8,1.0,1.0,1.0,1.0,1.0,1.0,1.0,1.0,0.0,1.0,1.0,1.0,0.7,1.0,1.0,0.7,1.0,1.0,1.0,1.0,1.0,0.0,1.0,0.8,1.0,1.0,1.0,1.0,1.0,1.0,1.0,1.0,1.0,1.0,0.03155367550794676,0.0,0.0,1.0,0.01,0.71,0.93,39.65,67.2,YELLOW,YELLOW
Samarkand,Samarkand district,Hospital_159,0.0,0.3,0.3,1.0,0.3,0.8,1.0,1.0,1.0,1.0,1.0,1.0,1.0,0.5,0.0,0.0,1.0,1.0,0.7,1.0,1.0,0.7,1.0,1.0,1.0,1.0,0.5,0.7,1.0,1.0,1.0,1.0,1.0,1.0,1.0,1.0,1.0,1.0,1.0,1.0,0.04585992657334175,0.0,0.0,0.2,0.02,0.71,0.86,39.65417,66.95972,YELLOW,YELLOW
Samarkand,Ishtihan district,Hospital_160,0.0,0.5,0.7,0.3,0.3,0.8,1.0,0.8,0.1,0.1,0.1,0.1,0.0,0.5,0.0,0.0,0.0,0.3,1.0,1.0,1.0,0.7,0.5,1.0,0.5,0.0,1.0,0.0,1.0,0.4,0.0,0.0,1.0,0.0,0.5,0.5,1.0,1.0,1.0,1.0,0.0010041023241429603,0.0031067731539469318,0.0031067731539469318,0.2,0.0,0.4,0.53,39.8371,66.4843,RED,RED
Samarkand,Kattakurgan city,Hospital_161,0.0,0.5,0.3,0.6,0.6,0.8,1.0,1.0,1.0,1.0,1.0,0.1,1.0,0.5,0.0,0.0,1.0,1.0,1.0,0.0,1.0,1.0,1.0,1.0,1.0,0.0,0.0,0.7,1.0,0.4,0.0,0.0,1.0,0.0,0.5,0.5,1.0,1.0,0.0,1.0,0.03824913094085283,0.010032907828410861,0.010032907828410861,0.8,0.02,0.69,0.57,39.89889,66.25611,RED,RED
Samarkand,Bulungur district,Hospital_162,0.0,1.0,0.3,0.3,0.3,0.8,1.0,1.0,1.0,1.0,1.0,1.0,1.0,1.0,1.0,0.0,1.0,1.0,1.0,1.0,0.0,0.4,1.0,1.0,1.0,1.0,1.0,0.0,1.0,0.8,1.0,0.6,0.5,1.0,1.0,1.0,1.0,1.0,1.0,1.0,0.000813807801000934,0.0007016642731842044,0.0007016642731842044,0.8,0.0,0.7,0.86,39.7573054,67.27287,RED,RED
Samarkand,Jomboy district,Hospital_163,0.0,1.0,0.3,0.3,0.6,0.8,1.0,1.0,1.0,1.0,1.0,1.0,1.0,1.0,1.0,0.0,1.0,1.0,1.0,1.0,1.0,0.7,1.0,1.0,1.0,1.0,0.0,0.0,1.0,1.0,1.0,1.0,0.0,1.0,1.0,1.0,1.0,1.0,1.0,1.0,0.0005144111453986439,0.0011187297324835815,0.0011187297324835815,1.0,0.0,0.73,0.87,39.69889,67.09333,RED,RED
Samarkand,Narpay district,Hospital_164,0.0,0.3,0.3,0.6,0.3,0.3,0.4,0.8,0.5,0.5,0.5,0.5,0.0,0.5,0.0,0.0,0.5,0.6,0.3,0.0,0.5,1.0,1.0,1.0,1.0,1.0,0.5,0.5,0.5,0.4,0.0,0.0,0.5,1.0,0.5,0.5,0.0,0.0,0.0,0.5,0.042444807778319084,0.12166680820699004,0.12166680820699004,0.4,0.1,0.43,0.43,39.9223,65.925,RED,RED
Samarkand,Oqdaryo district,Hospital_165,0.0,0.5,0.7,0.3,0.3,1.0,0.4,0.8,0.5,0.5,0.5,0.1,0.0,0.5,0.0,0.0,1.0,0.3,1.0,1.0,1.0,0.7,0.5,1.0,0.5,0.0,0.0,0.0,1.0,0.4,0.0,0.0,1.0,1.0,0.5,0.5,1.0,1.0,1.0,0.5,0.04507840270968981,0.0,0.0,0.4,0.02,0.47,0.55,39.9092,67.0916,RED,RED
Samarkand,Kattakurgan district,Hospital_166,0.0,1.0,0.3,0.6,0.3,0.8,1.0,0.8,0.5,0.5,0.3,0.5,0.0,0.5,0.0,0.0,1.0,1.0,1.0,1.0,1.0,1.0,1.0,1.0,0.5,0.0,1.0,0.0,1.0,0.4,0.0,0.0,0.5,1.0,0.5,0.5,1.0,1.0,0.0,0.5,0.042551005823616705,0.0,0.0,0.4,0.01,0.53,0.59,39.89716,66.27242,RED,RED
Samarkand,Qushrabat district,Hospital_167,0.0,0.3,0.3,0.6,0.6,0.8,1.0,1.0,1.0,1.0,1.0,1.0,1.0,1.0,1.0,0.3,1.0,1.0,1.0,1.0,0.0,0.4,1.0,0.0,1.0,1.0,0.0,0.0,1.0,1.0,0.6,0.6,1.0,1.0,0.0,1.0,1.0,1.0,0.4,1.0,0.05046894148791596,0.0,0.0,1.0,0.02,0.71,0.74,40.3333,66.5,YELLOW,YELLOW
Samarkand,Nurabad district,Hospital_168,0.6,0.3,0.3,0.3,0.3,0.8,1.0,0.8,1.0,1.0,1.0,1.0,0.0,0.5,0.0,0.0,1.0,0.6,0.7,1.0,0.0,0.4,0.0,0.6,1.0,0.0,0.0,0.0,1.0,0.4,0.0,0.0,1.0,1.0,1.0,0.5,0.0,1.0,0.0,1.0,0.08832738389599815,0.02343851175003813,0.02343851175003813,0.2,0.05,0.64,0.45,39.6100912,66.29622,RED,RED
Samarkand,Payarik district,Hospital_170,0.0,1.0,0.3,0.3,0.6,0.8,0.4,1.0,0.5,0.5,1.0,1.0,1.0,0.5,0.0,0.0,0.0,0.6,1.0,0.0,1.0,0.7,1.0,1.0,0.0,0.0,0.0,0.7,0.5,1.0,0.4,1.0,0.0,1.0,0.0,0.0,1.0,1.0,1.0,0.5,8.963901783114775e-05,3.7618054814496928e-06,3.7618054814496928e-06,1.0,0.0,0.64,0.53,39.98917,66.84583,RED,RED
Samarkand,Pastargom district,Hospital_173,0.0,1.0,0.3,0.3,0.6,0.8,1.0,1.0,1.0,1.0,0.5,0.5,1.0,1.0,0.0,0.0,0.5,0.6,1.0,1.0,1.0,1.0,1.0,1.0,0.5,1.0,0.0,0.0,0.5,1.0,0.6,0.6,0.5,1.0,0.0,0.0,1.0,1.0,1.0,0.5,0.038681791712300496,0.0,0.0,1.0,0.01,0.63,0.68,39.65,67.2,RED,RED
Samarkand,Taylak district,Hospital_174,0.0,1.0,0.3,0.6,0.3,0.3,1.0,0.8,1.0,1.0,0.5,1.0,0.0,1.0,0.0,0.0,1.0,1.0,0.7,1.0,1.0,0.7,1.0,1.0,0.5,0.0,0.5,0.0,0.5,0.4,0.0,0.0,0.0,1.0,0.0,0.0,1.0,1.0,0.0,0.5,0.001554546447131501,0.0,0.0,0.2,0.0,0.57,0.51,39.6575,67.2353,RED,RED
Samarkand,Samarkand district,Hospital_175,0.0,0.3,0.3,0.3,0.6,0.8,1.0,1.0,1.0,1.0,1.0,1.0,1.0,1.0,1.0,1.0,1.0,1.0,0.7,1.0,1.0,0.7,1.0,1.0,1.0,1.0,1.0,0.7,1.0,0.8,1.0,1.0,1.0,1.0,0.0,0.0,1.0,1.0,1.0,1.0,0.19501756206958876,0.12166680820699004,0.12166680820699004,1.0,0.15,0.73,0.89,39.65417,66.95972,GREEN,GREEN
Samarkand,Ishtihan district,Hospital_176,0.0,0.5,1.0,0.6,0.6,0.8,1.0,1.0,1.0,1.0,1.0,1.0,1.0,1.0,0.0,0.0,1.0,1.0,1.0,1.0,1.0,0.7,1.0,1.0,1.0,1.0,1.0,0.7,1.0,1.0,1.0,1.0,1.0,1.0,0.0,0.0,1.0,1.0,1.0,1.0,0.07117962520991467,0.12166680820699004,0.12166680820699004,1.0,0.1,0.81,0.83,39.8371,66.4843,GREEN,GREEN
Samarkand,Kattakurgan city,Hospital_177,0.0,0.5,0.3,0.3,0.6,0.8,0.4,1.0,0.5,0.5,0.5,0.5,0.0,0.5,0.0,1.0,0.5,0.6,1.0,1.0,1.0,0.0,0.5,1.0,0.5,0.5,1.0,0.5,1.0,0.4,0.0,0.0,1.0,0.0,0.5,0.5,0.0,1.0,1.0,0.5,0.00578822182994495,0.003363821259580948,0.003363821259580948,1.0,0.0,0.56,0.54,39.89889,66.25611,RED,RED
Samarkand,Bulungur district,Hospital_178,0.0,0.5,0.3,1.0,0.6,0.8,1.0,1.0,1.0,1.0,1.0,1.0,1.0,0.5,0.0,1.0,1.0,1.0,1.0,1.0,1.0,0.7,1.0,1.0,1.0,1.0,1.0,1.0,1.0,1.0,1.0,0.6,0.5,1.0,1.0,1.0,1.0,1.0,1.0,1.0,0.08314690514657695,0.12166680820699004,0.12166680820699004,0.8,0.11,0.8,0.9,39.7573054,67.27287,GREEN,GREEN
Samarkand,Jomboy district,Hospital_179,0.0,0.3,0.3,0.3,0.6,0.8,0.4,1.0,1.0,1.0,1.0,1.0,1.0,1.0,1.0,0.0,1.0,1.0,1.0,1.0,1.0,1.0,1.0,1.0,1.0,1.0,0.5,0.0,1.0,0.8,1.0,0.0,0.5,1.0,1.0,0.0,1.0,1.0,1.0,1.0,0.06052097790454044,0.026699189430145875,0.026699189430145875,0.8,0.04,0.63,0.84,39.69889,67.09333,RED,RED
Samarkand,Narpay district,Hospital_180,0.0,0.3,0.3,0.3,0.3,0.3,0.4,0.3,0.5,0.5,0.5,0.5,0.5,1.0,0.0,0.0,1.0,1.0,1.0,1.0,1.0,0.7,1.0,1.0,1.0,1.0,0.0,0.0,1.0,1.0,1.0,1.0,0.5,1.0,0.0,1.0,1.0,1.0,1.0,0.5,0.15756045972801233,0.05049628782346786,0.05049628782346786,0.2,0.09,0.36,0.78,39.9223,65.925,RED,RED
Samarkand,Oqdaryo district,Hospital_181,0.0,0.5,0.3,0.3,0.6,0.8,1.0,1.0,1.0,1.0,1.0,1.0,1.0,0.5,0.0,0.0,0.5,1.0,1.0,0.0,1.0,0.7,1.0,1.0,1.0,1.0,0.0,1.0,1.0,1.0,1.0,1.0,0.5,1.0,0.0,1.0,1.0,0.0,1.0,1.0,0.0285689145999636,0.0,0.0,1.0,0.01,0.77,0.7,39.9092,67.0916,YELLOW,YELLOW
Samarkand,Kattakurgan district,Hospital_182,0.0,0.3,0.3,0.3,0.6,0.8,1.0,1.0,1.0,1.0,1.0,1.0,1.0,1.0,0.0,0.0,1.0,1.0,0.7,1.0,1.0,0.7,1.0,1.0,1.0,1.0,1.0,0.7,1.0,0.4,1.0,1.0,0.0,1.0,1.0,1.0,1.0,1.0,1.0,1.0,0.08991177767619216,0.12166680820699004,0.12166680820699004,1.0,0.11,0.73,0.84,39.89716,66.27242,GREEN,GREEN
Samarkand,Qushrabat district,Hospital_183,0.0,0.5,1.0,0.3,0.3,0.8,0.0,0.6,1.0,1.0,1.0,1.0,1.0,1.0,1.0,1.0,1.0,1.0,0.7,1.0,1.0,0.7,1.0,1.0,1.0,1.0,1.0,0.0,1.0,1.0,1.0,1.0,1.0,1.0,0.0,1.0,1.0,1.0,1.0,1.0,0.04619367581525278,0.01672961485186863,0.01672961485186863,1.0,0.03,0.63,0.94,40.3333,66.5,RED,RED
Samarkand,Nurabad district,Hospital_184,0.0,1.0,0.3,0.3,0.3,0.8,1.0,0.8,1.0,1.0,1.0,1.0,1.0,1.0,0.0,1.0,1.0,1.0,0.7,1.0,1.0,0.7,1.0,1.0,1.0,1.0,1.0,0.0,1.0,1.0,1.0,1.0,1.0,1.0,0.0,0.0,1.0,1.0,1.0,1.0,0.054946252078839235,0.12166680820699004,0.12166680820699004,1.0,0.1,0.7,0.86,39.6100912,66.29622,YELLOW,YELLOW
Samarkand,Samarkand city,Hospital_185,0.0,0.3,1.0,0.3,0.6,0.8,1.0,1.0,1.0,1.0,1.0,1.0,0.0,0.5,0.0,0.7,0.5,0.6,0.7,1.0,0.0,1.0,1.0,1.0,1.0,1.0,1.0,1.0,0.0,1.0,0.4,0.6,1.0,1.0,0.0,0.0,1.0,1.0,0.4,1.0,9.373068772494025e-05,7.001687350486551e-06,7.001687350486551e-06,1.0,0.0,0.73,0.67,39.65417,66.95972,RED,RED
Samarkand,Payarik district,Hospital_186,0.0,1.0,0.3,1.0,0.3,0.8,0.0,1.0,0.1,0.1,0.1,0.1,0.0,0.5,0.0,0.0,0.0,0.6,1.0,0.0,1.0,0.7,0.5,1.0,0.0,1.0,0.0,0.5,0.0,1.0,0.0,0.0,0.0,0.0,0.0,0.0,0.0,1.0,1.0,0.0,0.038681791712300496,0.0,0.0,0.8,0.01,0.41,0.36,39.98917,66.84583,RED,RED
Samarkand,Paxtachi district,Hospital_188,0.0,1.0,0.3,0.3,0.3,0.8,0.0,0.8,0.1,0.1,0.1,0.1,0.0,0.0,0.0,0.0,0.0,0.3,0.3,0.0,0.0,0.0,0.0,0.0,0.0,0.0,0.0,0.0,0.0,0.4,0.0,0.0,1.0,0.0,0.5,0.5,0.0,0.0,0.0,0.5,0.00038071339199492813,5.929402510223889e-05,5.929402510223889e-05,0.2,0.0,0.27,0.13,39.9167,66.0,RED,RED
Samarkand,Pastargom district,Hospital_189,0.0,0.5,0.3,0.3,0.8,0.8,1.0,1.0,1.0,1.0,1.0,1.0,1.0,1.0,0.0,0.0,1.0,1.0,1.0,1.0,1.0,0.7,1.0,1.0,1.0,1.0,1.0,0.7,1.0,1.0,1.0,1.0,1.0,1.0,0.0,1.0,1.0,1.0,1.0,1.0,0.00014609087201815772,0.0,0.0,1.0,0.0,0.76,0.87,39.65,67.2,RED,RED
Samarkand,Taylak district,Hospital_190,0.0,0.5,0.3,0.3,0.3,0.8,0.4,1.0,1.0,0.5,0.1,0.5,0.0,0.5,1.0,0.0,0.5,1.0,1.0,1.0,1.0,1.0,0.5,1.0,1.0,0.0,0.0,0.5,1.0,0.4,0.6,0.6,1.0,1.0,0.5,0.5,1.0,1.0,1.0,0.0,0.043767138071584825,0.0,0.0,0.8,0.01,0.53,0.66,39.6575,67.2353,RED,RED
Samarkand,Ishtihan district,Hospital_192,0.0,0.3,0.3,0.3,0.6,0.8,1.0,0.8,1.0,0.5,0.5,0.5,1.0,1.0,1.0,0.0,1.0,1.0,1.0,1.0,1.0,1.0,1.0,1.0,1.0,0.0,0.0,0.5,1.0,1.0,1.0,0.6,1.0,0.0,1.0,1.0,1.0,1.0,0.0,1.0,0.04111122347493331,0.011328324046365454,0.011328324046365454,1.0,0.02,0.61,0.79,39.8371,66.4843,RED,RED
Samarkand,Bulungur district,Hospital_194,0.0,0.5,0.3,0.3,0.3,0.8,0.4,0.8,1.0,1.0,0.5,1.0,0.0,0.5,1.0,0.0,0.5,0.6,1.0,0.0,1.0,0.4,1.0,1.0,1.0,1.0,1.0,0.7,1.0,0.4,0.0,0.0,1.0,0.0,0.5,0.5,1.0,1.0,0.0,0.5,0.00024170748031088907,4.1682244939769156e-05,4.1682244939769156e-05,0.8,0.0,0.63,0.57,39.7573054,67.27287,RED,RED
Samarkand,Narpay district,Hospital_196,0.0,1.0,0.3,0.3,0.6,0.8,0.4,1.0,1.0,1.0,0.5,0.5,1.0,0.5,0.0,0.0,0.5,0.6,1.0,0.0,0.5,0.0,1.0,1.0,0.5,0.5,0.0,0.7,0.5,1.0,0.4,0.6,1.0,0.0,0.0,0.0,1.0,0.0,0.4,0.5,0.14513753768536178,0.12166680820699004,0.12166680820699004,0.8,0.13,0.63,0.46,39.9223,65.925,RED,RED
Samarkand,Oqdaryo district,Hospital_197,0.0,0.3,0.7,0.6,0.3,0.8,1.0,0.8,1.0,1.0,1.0,1.0,1.0,1.0,1.0,0.0,1.0,1.0,0.7,0.0,1.0,1.0,0.5,1.0,1.0,1.0,1.0,0.0,1.0,0.4,0.6,0.6,1.0,1.0,0.0,0.0,1.0,1.0,1.0,1.0,0.05046894148791596,0.0,0.0,0.2,0.02,0.65,0.76,39.9092,67.0916,RED,RED
Samarkand,Kattakurgan district,Hospital_198,0.0,1.0,0.7,0.3,0.3,0.8,0.4,0.8,0.5,0.5,0.5,0.5,1.0,1.0,1.0,0.0,0.5,0.3,1.0,0.0,1.0,1.0,1.0,0.6,0.5,1.0,0.0,0.0,0.5,1.0,1.0,1.0,1.0,1.0,0.0,0.0,1.0,1.0,1.0,0.5,0.0011317051203780814,0.0025263547921302774,0.0025263547921302774,0.2,0.0,0.47,0.71,39.89716,66.27242,RED,RED
Samarkand,Qushrabat district,Hospital_199,0.0,0.5,0.3,0.6,0.6,1.0,0.4,0.8,0.1,0.1,0.1,0.5,1.0,1.0,0.0,0.0,0.5,1.0,1.0,1.0,1.0,0.7,1.0,1.0,0.5,1.0,1.0,0.0,0.5,0.8,1.0,1.0,1.0,1.0,0.0,0.0,1.0,1.0,1.0,0.5,0.00018543270793726873,0.0,0.0,0.2,0.0,0.38,0.77,40.3333,66.5,RED,RED
Samarkand,Nurabad district,Hospital_200,0.0,1.0,0.3,1.0,0.3,0.8,1.0,1.0,1.0,1.0,1.0,1.0,0.0,0.5,0.0,0.0,1.0,1.0,1.0,1.0,1.0,0.7,1.0,1.0,0.5,1.0,0.0,0.5,1.0,0.4,1.0,0.0,0.5,1.0,0.5,0.5,1.0,1.0,1.0,1.0,0.06592677994655828,0.013008031609321492,0.013008031609321492,0.8,0.03,0.78,0.68,39.6100912,66.29622,RED,RED
Samarkand,Payarik district,Hospital_202,0.0,0.5,0.3,0.6,0.6,1.0,0.4,0.8,0.5,0.1,0.5,0.1,1.0,0.5,0.0,0.0,1.0,1.0,1.0,1.0,1.0,0.7,1.0,1.0,1.0,0.5,0.5,0.0,1.0,0.8,1.0,1.0,0.5,1.0,0.0,1.0,1.0,1.0,1.0,0.5,0.0285689145999636,0.12166680820699004,0.12166680820699004,0.2,0.09,0.44,0.77,39.98917,66.84583,RED,RED
Samarkand,Urgut district,Hospital_203,0.0,0.3,0.3,0.3,0.6,0.8,1.0,1.0,1.0,1.0,1.0,1.0,1.0,1.0,0.0,0.0,1.0,1.0,0.7,1.0,0.5,1.0,0.5,0.6,1.0,1.0,0.0,0.7,1.0,1.0,1.0,0.6,1.0,1.0,1.0,1.0,1.0,1.0,0.0,1.0,0.12914434397958985,0.12166680820699004,0.12166680820699004,1.0,0.12,0.73,0.77,39.4022,67.2431,YELLOW,YELLOW
Samarkand,Paxtachi district,Hospital_204,0.0,0.5,0.7,0.3,0.3,0.8,1.0,1.0,1.0,1.0,1.0,1.0,1.0,1.0,1.0,1.0,1.0,1.0,0.7,1.0,1.0,0.7,1.0,1.0,1.0,1.0,1.0,1.0,1.0,0.4,1.0,0.0,0.0,1.0,1.0,1.0,1.0,1.0,1.0,1.0,0.04800737041436363,0.003929897753391456,0.003929897753391456,0.8,0.02,0.76,0.88,39.9167,66.0,GREEN,GREEN
Samarkand,Samarkand district,Hospital_207,0.0,0.5,0.3,0.6,0.6,0.8,1.0,1.0,1.0,1.0,1.0,1.0,1.0,0.5,0.0,0.0,1.0,1.0,1.0,1.0,1.0,1.0,1.0,1.0,1.0,0.0,1.0,0.0,1.0,1.0,1.0,1.0,1.0,1.0,1.0,1.0,1.0,1.0,1.0,1.0,0.00033996442879208035,7.940651609796356e-05,7.940651609796356e-05,0.8,0.0,0.71,0.87,39.65417,66.95972,RED,RED
Samarkand,Ishtihan district,Hospital_208,0.0,0.5,0.3,0.3,0.3,0.8,1.0,1.0,1.0,1.0,1.0,1.0,1.0,1.0,0.0,0.0,1.0,1.0,1.0,1.0,1.0,1.0,1.0,1.0,1.0,1.0,0.5,1.0,1.0,1.0,1.0,0.6,1.0,1.0,1.0,1.0,1.0,1.0,1.0,1.0,0.08543446708526886,0.12166680820699004,0.12166680820699004,0.8,0.11,0.73,0.89,39.8371,66.4843,GREEN,GREEN
Samarkand,Kattakurgan city,Hospital_209,0.0,0.5,0.3,0.3,0.3,0.8,1.0,1.0,1.0,1.0,0.5,0.5,0.0,0.5,0.0,0.0,0.5,1.0,1.0,1.0,1.0,1.0,0.0,1.0,0.5,0.0,0.0,0.7,0.5,0.4,0.0,0.0,1.0,1.0,0.5,0.5,1.0,1.0,0.0,0.5,0.025935319668592867,0.0,0.0,0.8,0.01,0.61,0.52,39.89889,66.25611,RED,RED
Samarkand,Bulungur district,Hospital_210,0.0,0.3,0.3,0.3,0.6,0.8,1.0,1.0,1.0,1.0,1.0,1.0,1.0,1.0,1.0,0.0,1.0,1.0,0.7,1.0,1.0,1.0,1.0,1.0,1.0,1.0,1.0,0.0,1.0,1.0,1.0,1.0,1.0,1.0,1.0,1.0,1.0,1.0,1.0,1.0,0.04159262234769788,0.0,0.0,1.0,0.01,0.69,0.95,39.7573054,67.27287,YELLOW,YELLOW
Samarkand,Jomboy district,Hospital_211,0.0,1.0,0.3,0.3,0.6,0.8,1.0,1.0,1.0,1.0,1.0,1.0,1.0,0.5,0.0,0.0,1.0,1.0,1.0,1.0,1.0,1.0,1.0,1.0,0.0,0.0,1.0,0.0,1.0,1.0,1.0,1.0,0.5,1.0,0.0,0.0,1.0,1.0,1.0,1.0,0.9516169876311799,1.0,1.0,1.0,0.98,0.73,0.73,39.69889,67.09333,YELLOW,YELLOW
Samarkand,Narpay district,Hospital_212,0.0,0.5,0.3,0.3,0.6,0.8,1.0,0.8,1.0,1.0,0.5,1.0,0.0,0.5,0.0,1.0,1.0,1.0,0.7,1.0,1.0,0.7,1.0,1.0,1.0,0.0,1.0,0.0,1.0,0.4,1.0,1.0,0.5,1.0,0.5,1.0,1.0,1.0,1.0,0.5,0.06195960071180178,0.07117052038352219,0.07117052038352219,0.8,0.07,0.64,0.76,39.9223,65.925,RED,RED
Samarkand,Oqdaryo district,Hospital_213,0.0,1.0,0.3,0.3,0.6,0.8,1.0,1.0,1.0,1.0,1.0,1.0,1.0,0.5,0.0,0.0,1.0,1.0,0.7,1.0,0.0,0.7,1.0,1.0,1.0,1.0,0.0,0.7,1.0,1.0,1.0,1.0,1.0,1.0,1.0,1.0,1.0,1.0,0.0,1.0,0.03806850243688714,0.12166680820699004,0.12166680820699004,1.0,0.09,0.78,0.77,39.9092,67.0916,YELLOW,YELLOW
Samarkand,Kattakurgan district,Hospital_214,0.0,0.5,0.3,0.3,0.6,0.8,1.0,1.0,1.0,1.0,1.0,1.0,1.0,0.5,0.0,0.0,1.0,1.0,1.0,1.0,1.0,1.0,1.0,1.0,1.0,0.0,0.0,0.0,1.0,1.0,1.0,1.0,0.5,1.0,0.0,1.0,1.0,1.0,1.0,1.0,0.033706922767788895,0.006884337293425611,0.006884337293425611,0.8,0.02,0.69,0.77,39.89716,66.27242,YELLOW,YELLOW
Samarkand,Qushrabat district,Hospital_215,0.0,0.3,1.0,0.3,0.6,0.8,1.0,1.0,1.0,1.0,1.0,1.0,1.0,1.0,0.0,1.0,1.0,1.0,0.7,1.0,1.0,1.0,0.5,1.0,1.0,1.0,0.0,0.0,0.5,1.0,1.0,1.0,0.0,1.0,0.0,0.0,1.0,1.0,0.4,1.0,0.04818137954922404,0.0,0.0,1.0,0.02,0.7,0.75,40.3333,66.5,YELLOW,YELLOW
Samarkand,Payarik district,Hospital_218,1.0,0.5,0.3,0.3,0.3,0.8,1.0,1.0,1.0,1.0,1.0,1.0,1.0,0.5,1.0,0.0,1.0,1.0,1.0,1.0,1.0,0.7,1.0,1.0,0.5,1.0,1.0,0.7,1.0,0.4,1.0,0.6,0.5,1.0,1.0,1.0,1.0,1.0,1.0,1.0,0.00036993347390181733,0.0,0.0,0.8,0.0,0.78,0.85,39.98917,66.84583,RED,RED
Samarkand,Urgut district,Hospital_219,0.0,1.0,0.7,0.3,0.6,0.8,1.0,0.8,1.0,1.0,1.0,1.0,1.0,0.5,1.0,0.0,1.0,1.0,1.0,1.0,1.0,0.7,1.0,1.0,0.5,0.0,0.0,1.0,1.0,1.0,1.0,1.0,0.5,1.0,1.0,1.0,1.0,1.0,1.0,1.0,0.060013051333901314,0.01672961485186863,0.01672961485186863,0.8,0.03,0.8,0.82,39.4022,67.2431,GREEN,GREEN
Samarkand,Paxtachi district,Hospital_220,0.0,1.0,1.0,1.0,0.6,0.8,1.0,1.0,1.0,1.0,1.0,1.0,1.0,1.0,0.0,0.7,1.0,1.0,0.7,1.0,1.0,0.7,1.0,0.6,1.0,1.0,1.0,1.0,1.0,1.0,0.4,0.6,1.0,1.0,1.0,1.0,1.0,1.0,1.0,1.0,0.07751653142096962,0.0,0.0,0.8,0.03,0.88,0.87,39.9167,66.0,GREEN,GREEN
Samarkand,Pastargom district,Hospital_221,0.0,0.5,0.3,0.3,0.6,1.0,0.4,1.0,1.0,1.0,0.1,1.0,1.0,1.0,0.0,0.0,1.0,1.0,1.0,1.0,1.0,0.7,1.0,1.0,0.5,1.0,0.5,0.0,0.5,1.0,1.0,1.0,1.0,1.0,1.0,1.0,1.0,1.0,1.0,1.0,0.0010679760300940635,0.00026655753162329243,0.00026655753162329243,0.2,0.0,0.53,0.87,39.65,67.2,RED,RED
Samarkand,Taylak district,Hospital_222,0.0,0.5,0.3,0.3,0.3,0.8,1.0,1.0,1.0,1.0,1.0,1.0,1.0,0.5,0.0,0.0,1.0,0.6,1.0,1.0,1.0,0.7,1.0,1.0,0.5,1.0,0.0,1.0,1.0,1.0,0.6,0.6,0.5,1.0,1.0,1.0,1.0,1.0,1.0,1.0,0.0008791427127275046,0.00020778706284569438,0.00020778706284569438,0.8,0.0,0.73,0.77,39.6575,67.2353,RED,RED
Samarkand,Samarkand district,Hospital_223,0.0,0.5,0.3,0.6,0.6,1.0,0.4,1.0,0.5,0.1,0.1,0.1,1.0,1.0,0.0,0.0,0.5,0.6,1.0,0.0,1.0,0.7,1.0,0.6,1.0,1.0,1.0,0.0,0.5,1.0,1.0,1.0,1.0,0.0,0.0,1.0,1.0,0.0,1.0,0.5,0.056410703951589446,0.0,0.0,0.4,0.02,0.41,0.69,39.65417,66.95972,RED,RED
Samarkand,Ishtihan district,Hospital_224,0.0,0.5,0.3,0.3,0.6,0.8,1.0,1.0,1.0,0.5,1.0,0.5,1.0,1.0,0.0,0.0,1.0,1.0,1.0,1.0,1.0,0.7,1.0,1.0,1.0,1.0,1.0,1.0,1.0,1.0,0.6,0.0,1.0,1.0,0.0,0.0,1.0,1.0,1.0,0.5,0.04350356322417509,0.0,0.0,0.8,0.01,0.69,0.76,39.8371,66.4843,YELLOW,YELLOW
Samarkand,Kattakurgan city,Hospital_225,0.0,0.3,0.3,0.3,0.6,0.8,1.0,0.8,0.5,1.0,1.0,1.0,1.0,0.5,1.0,0.0,1.0,1.0,0.7,1.0,1.0,0.7,1.0,1.0,1.0,0.0,0.0,1.0,1.0,1.0,0.4,0.6,1.0,1.0,1.0,0.0,1.0,1.0,1.0,1.0,0.0002448645398490691,4.499566823948029e-05,4.499566823948029e-05,0.8,0.0,0.69,0.77,39.89889,66.25611,RED,RED
Samarkand,Jomboy district,Hospital_227,0.0,1.0,0.3,0.6,0.3,0.6,1.0,0.8,0.5,0.5,1.0,1.0,1.0,1.0,0.0,0.0,0.5,0.6,1.0,1.0,1.0,0.7,1.0,0.6,0.5,1.0,1.0,0.0,0.5,0.4,0.0,0.0,0.0,0.0,1.0,1.0,1.0,1.0,1.0,0.5,0.045274149405775184,0.12166680820699004,0.12166680820699004,0.2,0.1,0.55,0.65,39.69889,67.09333,RED,RED
Samarkand,Oqdaryo district,Hospital_229,0.0,0.5,1.0,0.3,0.6,0.8,0.4,1.0,1.0,1.0,0.5,0.5,1.0,1.0,0.0,0.0,0.5,1.0,1.0,0.0,1.0,1.0,1.0,1.0,1.0,0.5,1.0,0.7,1.0,1.0,1.0,0.6,1.0,0.0,0.0,0.0,1.0,0.0,1.0,1.0,0.001647011272547595,0.005477709981159246,0.005477709981159246,0.8,0.0,0.67,0.68,39.9092,67.0916,RED,RED
Samarkand,Kattakurgan district,Hospital_230,0.0,0.5,0.7,0.3,0.3,0.8,0.4,1.0,0.5,1.0,0.5,1.0,1.0,0.5,0.0,0.0,1.0,1.0,1.0,1.0,1.0,1.0,1.0,1.0,1.0,1.0,0.5,0.7,0.5,1.0,0.4,0.0,1.0,0.5,0.0,0.0,1.0,1.0,0.0,1.0,0.1971948088408712,0.0,0.0,0.8,0.07,0.6,0.69,39.89716,66.27242,RED,RED
Samarkand,Qushrabat district,Hospital_231,0.0,0.5,0.3,0.3,0.6,0.8,1.0,0.3,1.0,1.0,1.0,1.0,1.0,1.0,1.0,1.0,1.0,1.0,0.7,0.0,1.0,0.7,1.0,1.0,1.0,1.0,1.0,1.0,1.0,0.8,1.0,1.0,1.0,1.0,0.0,0.0,1.0,1.0,1.0,1.0,0.04001160345462773,0.015272941754551147,0.015272941754551147,0.8,0.02,0.71,0.85,40.3333,66.5,YELLOW,YELLOW
Samarkand,Nurabad district,Hospital_232,0.0,0.5,0.3,0.3,0.6,0.8,1.0,1.0,1.0,1.0,1.0,1.0,1.0,1.0,0.0,0.0,1.0,1.0,1.0,1.0,1.0,1.0,1.0,1.0,1.0,1.0,0.5,0.7,1.0,1.0,1.0,0.6,0.5,1.0,0.0,1.0,1.0,1.0,1.0,1.0,0.059299176705827586,0.0,0.0,0.8,0.02,0.73,0.83,39.6100912,66.29622,GREEN,GREEN
Samarkand,Payarik district,Hospital_234,0.0,1.0,0.3,0.3,0.6,1.0,0.4,0.6,1.0,1.0,1.0,1.0,1.0,1.0,0.0,0.0,0.5,1.0,1.0,1.0,1.0,0.7,0.5,1.0,1.0,1.0,0.5,0.5,0.5,0.8,1.0,1.0,0.0,1.0,0.0,1.0,1.0,1.0,1.0,1.0,0.0008768641228230926,0.0,0.0,1.0,0.0,0.68,0.77,39.98917,66.84583,RED,RED
Samarkand,Urgut district,Hospital_235,0.0,0.5,0.3,0.3,0.6,0.8,0.4,0.8,0.1,0.5,0.1,0.5,0.0,0.5,0.0,0.0,0.0,0.6,1.0,1.0,0.5,1.0,0.5,1.0,0.5,1.0,0.0,0.0,0.5,0.4,0.0,0.0,1.0,0.0,0.0,0.0,1.0,1.0,0.0,0.5,0.00013777881491394754,1.7545265634493252e-05,1.7545265634493252e-05,0.4,0.0,0.39,0.44,39.4022,67.2431,RED,RED
Samarkand,Paxtachi district,Hospital_236,0.0,1.0,0.3,0.3,0.8,0.8,1.0,1.0,1.0,1.0,1.0,1.0,1.0,1.0,1.0,0.7,1.0,1.0,1.0,1.0,1.0,1.0,1.0,1.0,1.0,1.0,1.0,0.0,1.0,1.0,1.0,1.0,1.0,1.0,1.0,1.0,1.0,1.0,1.0,1.0,0.006317795873835239,0.0,0.0,1.0,0.0,0.75,0.99,39.9167,66.0,RED,RED
Samarkand,Taylak district,Hospital_238,0.0,0.5,0.3,0.6,0.6,1.0,1.0,1.0,1.0,1.0,1.0,1.0,1.0,1.0,0.0,0.0,1.0,1.0,1.0,1.0,1.0,0.7,1.0,1.0,1.0,1.0,0.5,1.0,1.0,1.0,1.0,1.0,1.0,1.0,0.0,1.0,1.0,1.0,1.0,1.0,0.9303834815808039,0.8313359188528391,0.8313359188528391,0.8,0.86,0.79,0.85,39.6575,67.2353,GREEN,GREEN
Samarkand,Samarkand district,Hospital_239,0.0,1.0,0.7,0.3,0.6,0.8,1.0,0.8,1.0,1.0,1.0,1.0,1.0,1.0,0.0,1.0,1.0,1.0,0.7,1.0,1.0,0.7,1.0,1.0,1.0,1.0,1.0,0.0,1.0,1.0,1.0,1.0,1.0,1.0,0.0,0.0,1.0,1.0,1.0,1.0,0.0285689145999636,0.0,0.0,1.0,0.01,0.75,0.86,39.65417,66.95972,YELLOW,YELLOW
Samarkand,Ishtihan district,Hospital_240,0.0,1.0,0.3,0.3,0.6,0.8,1.0,1.0,1.0,1.0,1.0,1.0,1.0,0.5,1.0,1.0,1.0,1.0,1.0,1.0,1.0,1.0,1.0,1.0,1.0,1.0,0.0,0.0,1.0,1.0,1.0,0.6,0.5,1.0,1.0,1.0,1.0,1.0,1.0,1.0,0.03990121584186322,0.006884337293425611,0.006884337293425611,1.0,0.02,0.73,0.91,39.8371,66.4843,GREEN,YELLOW
Samarkand,Kattakurgan city,Hospital_241,0.0,0.5,0.3,0.3,0.6,0.8,1.0,0.8,0.5,0.5,0.5,1.0,1.0,1.0,0.0,0.0,0.5,0.6,1.0,1.0,0.5,1.0,1.0,1.0,1.0,1.0,1.0,0.7,1.0,0.4,0.0,0.0,0.5,1.0,0.5,0.0,0.0,1.0,0.4,1.0,3.7982113830084224e-05,0.0,0.0,0.8,0.0,0.62,0.63,39.89889,66.25611,RED,RED
Samarkand,Bulungur district,Hospital_242,0.0,0.5,0.3,1.0,0.3,1.0,1.0,1.0,1.0,1.0,1.0,1.0,1.0,0.5,0.0,0.0,1.0,1.0,1.0,1.0,1.0,0.7,1.0,1.0,1.0,0.0,0.5,0.0,1.0,0.4,0.6,0.0,0.5,1.0,0.5,0.5,1.0,1.0,0.0,0.5,0.05168701144044649,0.0,0.0,0.2,0.02,0.69,0.64,39.7573054,67.27287,RED,RED
Samarkand,Jomboy district,Hospital_243,0.0,1.0,0.3,0.3,0.6,0.8,1.0,1.0,1.0,1.0,1.0,1.0,1.0,1.0,0.0,0.0,1.0,0.6,1.0,1.0,1.0,1.0,1.0,1.0,1.0,1.0,1.0,0.7,1.0,1.0,1.0,1.0,1.0,1.0,1.0,1.0,1.0,1.0,1.0,1.0,0.003886506525375453,0.0025624995369538128,0.0025624995369538128,0.2,0.0,0.73,0.91,39.69889,67.09333,RED,RED
Samarkand,Narpay district,Hospital_244,0.0,0.5,0.3,0.3,0.3,0.8,1.0,0.8,1.0,1.0,1.0,1.0,1.0,1.0,0.0,0.0,1.0,1.0,1.0,1.0,1.0,1.0,1.0,1.0,1.0,1.0,1.0,1.0,1.0,1.0,1.0,0.6,1.0,1.0,0.0,0.0,1.0,1.0,1.0,1.0,0.04076645939781147,0.12166680820699004,0.12166680820699004,0.8,0.09,0.72,0.83,39.9223,65.925,GREEN,GREEN
Samarkand,Oqdaryo district,Hospital_245,0.0,0.5,0.3,0.3,0.3,0.8,1.0,1.0,1.0,1.0,1.0,1.0,1.0,0.5,1.0,0.0,1.0,1.0,1.0,1.0,1.0,1.0,1.0,1.0,0.5,0.0,0.0,0.0,1.0,1.0,1.0,0.6,1.0,1.0,1.0,1.0,1.0,1.0,1.0,1.0,0.04468617419490792,0.01022783078108095,0.01022783078108095,0.8,0.02,0.67,0.83,39.9092,67.0916,YELLOW,YELLOW
Samarkand,Kattakurgan district,Hospital_246,0.0,1.0,0.7,0.3,0.3,0.8,1.0,0.8,1.0,1.0,1.0,1.0,0.5,0.5,0.0,1.0,1.0,1.0,1.0,1.0,1.0,0.7,0.5,1.0,1.0,0.0,1.0,0.0,1.0,0.4,0.0,0.0,1.0,1.0,0.5,0.5,0.0,1.0,0.0,1.0,0.042551005823616705,0.12166680820699004,0.12166680820699004,0.2,0.1,0.67,0.64,39.89716,66.27242,RED,RED
Samarkand,Qushrabat district,Hospital_247,0.0,0.5,0.7,0.3,0.3,0.8,0.4,1.0,1.0,0.5,0.5,0.1,1.0,0.5,0.0,0.0,0.5,1.0,1.0,1.0,1.0,1.0,0.5,1.0,1.0,1.0,0.5,0.7,0.5,0.4,0.0,0.0,1.0,1.0,0.5,0.5,1.0,1.0,1.0,0.5,0.036834675512163864,0.12166680820699004,0.12166680820699004,0.8,0.09,0.54,0.69,40.3333,66.5,RED,RED
Samarkand,Nurabad district,Hospital_248,0.0,0.5,0.3,0.3,0.6,0.8,1.0,1.0,1.0,1.0,1.0,1.0,1.0,0.5,0.0,0.0,1.0,1.0,1.0,1.0,1.0,1.0,1.0,1.0,1.0,1.0,0.0,0.0,0.5,1.0,1.0,0.6,0.5,1.0,1.0,1.0,1.0,1.0,1.0,1.0,0.0495579202598576,0.12166680820699004,0.12166680820699004,1.0,0.1,0.67,0.83,39.6100912,66.29622,YELLOW,YELLOW
Samarkand,Samarkand city,Hospital_249,0.0,1.0,0.3,0.3,0.6,0.8,1.0,1.0,1.0,1.0,1.0,1.0,1.0,1.0,0.0,0.0,1.0,1.0,0.7,1.0,1.0,0.7,1.0,1.0,1.0,1.0,1.0,0.7,1.0,1.0,1.0,0.6,1.0,1.0,1.0,1.0,1.0,1.0,1.0,1.0,0.059299176705827586,0.12166680820699004,0.12166680820699004,1.0,0.1,0.78,0.88,39.65417,66.95972,GREEN,GREEN
Samarkand,Urgut district,Hospital_251,0.8,0.5,1.0,0.3,0.6,1.0,0.4,1.0,1.0,0.5,0.5,0.5,0.5,0.5,0.0,0.0,0.5,0.6,0.7,1.0,1.0,1.0,1.0,0.6,1.0,0.5,1.0,1.0,1.0,0.4,1.0,1.0,1.0,1.0,0.5,0.5,1.0,1.0,1.0,0.5,0.000271431008069211,0.0,0.0,0.2,0.0,0.69,0.72,39.4022,67.2431,RED,RED
Samarkand,Paxtachi district,Hospital_252,0.8,0.5,0.7,0.3,0.3,0.8,1.0,1.0,1.0,1.0,1.0,1.0,0.0,0.5,1.0,0.0,1.0,1.0,0.7,1.0,1.0,0.0,1.0,1.0,1.0,0.0,1.0,0.7,1.0,0.4,0.0,0.0,0.5,0.0,1.0,0.5,0.0,1.0,0.0,1.0,0.0002996658206078277,0.0,0.0,1.0,0.0,0.81,0.56,39.9167,66.0,RED,RED
Samarkand,Pastargom district,Hospital_253,0.0,1.0,0.3,0.3,0.6,0.8,1.0,1.0,1.0,1.0,1.0,1.0,1.0,0.5,0.0,1.0,1.0,1.0,1.0,1.0,1.0,0.7,1.0,0.0,1.0,1.0,0.0,1.0,1.0,1.0,1.0,1.0,1.0,1.0,0.0,1.0,1.0,1.0,1.0,1.0,0.00015618244904262135,1.3594885702129266e-05,1.3594885702129266e-05,1.0,0.0,0.8,0.82,39.65,67.2,RED,RED
Samarkand,Taylak district,Hospital_254,0.0,1.0,0.3,0.3,0.6,0.8,1.0,0.8,1.0,0.5,1.0,1.0,1.0,0.5,0.0,0.0,1.0,1.0,1.0,1.0,1.0,0.7,1.0,1.0,0.5,1.0,0.0,0.5,0.5,0.8,1.0,1.0,0.0,1.0,1.0,1.0,1.0,1.0,1.0,1.0,0.0001797375854777347,0.0,0.0,1.0,0.0,0.69,0.79,39.6575,67.2353,RED,RED
Samarkand,Ishtihan district,Hospital_256,0.0,1.0,1.0,0.3,0.3,0.8,0.4,1.0,1.0,1.0,0.5,0.5,0.5,0.5,0.0,0.0,0.5,1.0,1.0,1.0,1.0,1.0,1.0,1.0,1.0,0.0,0.0,0.7,0.5,0.4,0.0,0.0,1.0,1.0,0.0,0.0,0.0,1.0,0.0,0.5,0.04507840270968981,0.011328324046365454,0.011328324046365454,1.0,0.02,0.67,0.52,39.8371,66.4843,RED,RED
Samarkand,Kattakurgan city,Hospital_257,0.0,0.5,0.3,0.3,0.3,0.8,1.0,1.0,1.0,1.0,1.0,1.0,1.0,0.5,0.0,0.0,1.0,1.0,1.0,1.0,1.0,0.7,1.0,1.0,1.0,1.0,1.0,0.7,1.0,1.0,1.0,0.6,1.0,1.0,1.0,1.0,1.0,1.0,0.4,1.0,0.04585992657334175,0.01672961485186863,0.01672961485186863,0.8,0.03,0.71,0.85,39.89889,66.25611,YELLOW,YELLOW
Samarkand,Bulungur district,Hospital_258,0.0,0.3,0.3,0.3,0.6,0.8,1.0,1.0,1.0,1.0,1.0,1.0,1.0,1.0,0.0,1.0,1.0,1.0,0.7,1.0,1.0,0.7,1.0,1.0,1.0,1.0,1.0,0.7,1.0,0.8,1.0,1.0,1.0,1.0,0.0,1.0,1.0,1.0,1.0,1.0,0.03454711357347194,0.011328324046365454,0.011328324046365454,0.8,0.02,0.72,0.89,39.7573054,67.27287,GREEN,YELLOW
Samarkand,Narpay district,Hospital_260,0.0,1.0,0.3,0.3,0.3,0.8,1.0,1.0,1.0,1.0,1.0,1.0,1.0,0.5,1.0,0.0,1.0,1.0,1.0,1.0,1.0,1.0,1.0,1.0,1.0,1.0,1.0,0.0,1.0,1.0,1.0,1.0,0.5,1.0,0.0,0.0,0.0,1.0,1.0,1.0,0.16755385897726843,0.021969648778008916,0.021969648778008916,1.0,0.07,0.71,0.81,39.9223,65.925,YELLOW,YELLOW
Samarkand,Oqdaryo district,Hospital_261,1.0,1.0,0.3,0.3,0.3,0.6,1.0,0.6,1.0,1.0,0.5,1.0,1.0,0.5,1.0,0.3,0.5,1.0,1.0,1.0,1.0,1.0,1.0,1.0,0.0,0.0,1.0,0.5,1.0,1.0,1.0,0.6,1.0,1.0,1.0,1.0,1.0,1.0,1.0,0.5,0.02449868030734003,0.0,0.0,0.8,0.01,0.73,0.82,39.9092,67.0916,YELLOW,RED
Samarkand,Kattakurgan district,Hospital_262,0.0,1.0,0.7,0.3,0.6,0.8,1.0,0.8,1.0,1.0,1.0,1.0,1.0,1.0,0.0,0.0,1.0,1.0,0.7,1.0,1.0,0.7,1.0,1.0,1.0,1.0,1.0,0.0,1.0,1.0,1.0,1.0,1.0,1.0,0.0,0.0,1.0,1.0,1.0,1.0,0.0459974388330129,0.0,0.0,0.8,0.02,0.73,0.82,39.89716,66.27242,GREEN,GREEN
Samarkand,Nurabad district,Hospital_264,0.0,1.0,1.0,0.3,0.6,0.8,1.0,1.0,1.0,1.0,1.0,1.0,1.0,1.0,0.0,1.0,1.0,1.0,0.7,1.0,1.0,0.7,1.0,1.0,1.0,1.0,1.0,1.0,1.0,1.0,1.0,1.0,1.0,1.0,1.0,1.0,1.0,1.0,1.0,1.0,0.8188494716018492,0.7917826023395325,0.7917826023395325,0.8,0.8,0.83,0.94,39.6100912,66.29622,GREEN,GREEN
Samarkand,Urgut district,Hospital_267,0.0,0.5,0.3,0.6,0.3,0.3,0.4,0.3,0.5,0.5,0.1,0.5,0.0,0.5,0.0,0.0,0.0,0.3,1.0,1.0,1.0,0.7,0.5,0.6,0.5,0.5,1.0,0.5,0.0,0.4,0.0,0.0,0.5,0.0,0.5,0.5,0.0,0.0,1.0,0.0,0.0002629984049325244,0.0004461824996319907,0.0004461824996319907,1.0,0.0,0.39,0.4,39.4022,67.2431,RED,RED
Samarkand,Paxtachi district,Hospital_268,0.8,1.0,0.3,0.3,0.6,0.8,1.0,1.0,1.0,1.0,1.0,1.0,1.0,1.0,1.0,0.0,1.0,1.0,1.0,1.0,0.5,0.0,1.0,0.6,1.0,1.0,0.5,0.7,0.5,1.0,1.0,1.0,1.0,1.0,0.0,1.0,1.0,1.0,0.0,1.0,0.06353444019731651,0.0,0.0,1.0,0.02,0.8,0.79,39.9167,66.0,YELLOW,YELLOW
Samarkand,Pastargom district,Hospital_269,0.8,0.3,0.3,0.3,0.6,0.8,1.0,1.0,1.0,1.0,1.0,1.0,1.0,1.0,1.0,0.0,1.0,1.0,1.0,1.0,1.0,0.7,1.0,1.0,1.0,1.0,1.0,0.7,1.0,1.0,1.0,0.6,0.5,1.0,1.0,1.0,1.0,1.0,1.0,1.0,0.0007707390254581064,0.001197985136485509,0.001197985136485509,1.0,0.0,0.79,0.92,39.65,67.2,RED,RED
Samarkand,Taylak district,Hospital_270,0.0,1.0,0.3,0.6,0.3,0.8,1.0,1.0,1.0,1.0,1.0,1.0,1.0,1.0,0.0,0.0,1.0,1.0,1.0,1.0,1.0,1.0,1.0,1.0,1.0,1.0,1.0,0.5,1.0,0.4,0.0,0.6,0.0,1.0,0.0,0.0,1.0,1.0,0.0,1.0,0.00018705490808177061,3.743561284472587e-05,3.743561284472587e-05,1.0,0.0,0.77,0.69,39.6575,67.2353,RED,RED
Samarkand,Samarkand district,Hospital_271,0.0,1.0,0.3,0.3,0.3,0.8,0.4,1.0,1.0,1.0,0.5,0.5,0.0,0.5,0.0,0.3,1.0,1.0,1.0,1.0,0.5,1.0,1.0,1.0,1.0,1.0,1.0,1.0,0.0,0.4,0.0,0.6,0.5,0.0,0.5,0.5,1.0,0.0,0.0,0.5,0.04846915779326811,0.010641324731643462,0.010641324731643462,1.0,0.02,0.61,0.59,39.65417,66.95972,RED,RED
Samarkand,Ishtihan district,Hospital_272,0.0,1.0,0.3,0.3,0.6,0.8,1.0,1.0,1.0,1.0,1.0,1.0,1.0,1.0,0.0,0.0,1.0,1.0,1.0,1.0,1.0,1.0,1.0,1.0,1.0,1.0,0.5,0.7,1.0,1.0,1.0,0.6,1.0,1.0,0.0,0.0,1.0,1.0,1.0,1.0,0.21722568581401264,0.4208980032499412,0.4208980032499412,1.0,0.35,0.78,0.81,39.8371,66.4843,YELLOW,YELLOW
Samarkand,Bulungur district,Hospital_274,0.0,0.5,0.3,0.3,0.3,0.8,0.0,0.8,0.1,0.1,0.1,0.1,0.0,0.5,0.0,0.0,0.0,0.6,1.0,1.0,1.0,1.0,1.0,1.0,0.5,1.0,0.0,0.0,0.5,0.4,0.0,0.6,1.0,1.0,0.5,0.5,1.0,1.0,0.4,0.0,0.10861284290700632,0.008564044856381648,0.008564044856381648,0.2,0.04,0.27,0.58,39.7573054,67.27287,RED,RED
Samarkand,Jomboy district,Hospital_275,0.0,1.0,0.3,1.0,0.3,0.8,1.0,1.0,1.0,1.0,1.0,1.0,1.0,1.0,0.0,1.0,1.0,1.0,0.7,1.0,1.0,0.7,1.0,1.0,1.0,1.0,1.0,0.7,1.0,0.8,1.0,1.0,1.0,1.0,0.0,0.0,1.0,1.0,1.0,1.0,0.7787459378366709,0.6338175634992362,0.6338175634992362,0.8,0.68,0.79,0.85,39.69889,67.09333,GREEN,GREEN
Samarkand,Narpay district,Hospital_276,0.6,0.5,0.3,0.3,0.6,0.8,1.0,1.0,1.0,1.0,1.0,1.0,1.0,1.0,1.0,0.0,0.5,1.0,1.0,0.0,0.0,0.4,1.0,1.0,1.0,1.0,0.0,0.0,0.5,1.0,0.4,0.6,1.0,0.0,1.0,1.0,1.0,0.0,0.4,1.0,1.0,0.9291237430564622,0.9291237430564622,1.0,0.95,0.71,0.67,39.9223,65.925,RED,RED
Samarkand,Oqdaryo district,Hospital_277,0.0,1.0,0.7,0.3,0.6,0.8,1.0,1.0,0.5,1.0,1.0,0.5,1.0,1.0,0.0,0.0,0.5,1.0,0.7,1.0,1.0,0.7,1.0,1.0,0.5,0.5,0.5,0.7,0.5,1.0,1.0,0.6,0.5,1.0,0.0,1.0,1.0,1.0,1.0,1.0,0.0,0.0,0.0,1.0,0.0,0.71,0.75,39.9092,67.0916,RED,RED
Samarkand,Kattakurgan district,Hospital_278,0.0,0.5,0.3,1.0,0.3,0.8,1.0,1.0,1.0,1.0,1.0,1.0,1.0,1.0,0.0,0.0,1.0,1.0,0.7,1.0,1.0,1.0,1.0,1.0,1.0,1.0,1.0,1.0,1.0,1.0,0.6,0.6,0.5,1.0,1.0,1.0,1.0,1.0,1.0,1.0,0.00014144721112027388,0.0,0.0,0.8,0.0,0.78,0.86,39.89716,66.27242,RED,RED
Samarkand,Qushrabat district,Hospital_279,0.0,0.3,0.3,0.3,0.6,0.8,1.0,1.0,1.0,1.0,1.0,1.0,1.0,0.5,0.0,0.7,1.0,1.0,1.0,1.0,1.0,1.0,1.0,1.0,0.5,1.0,0.0,0.5,0.5,1.0,1.0,0.6,0.0,1.0,1.0,1.0,1.0,1.0,1.0,1.0,0.8766644736141767,0.9677616769365879,0.9677616769365879,0.8,0.94,0.67,0.82,40.3333,66.5,YELLOW,YELLOW
Samarkand,Nurabad district,Hospital_280,0.0,0.5,0.3,0.3,0.6,0.8,1.0,1.0,1.0,1.0,0.5,1.0,0.0,0.5,0.0,0.3,1.0,1.0,1.0,1.0,0.5,0.0,1.0,0.6,1.0,1.0,1.0,0.5,1.0,0.4,0.6,0.0,1.0,1.0,0.5,0.5,1.0,1.0,0.0,0.5,0.19021594039505157,0.12166680820699004,0.12166680820699004,0.6,0.14,0.67,0.63,39.6100912,66.29622,RED,RED
